business_day,trips_count,monday,tuesday,wednesday,thursday,friday,saturday,sunday,public_holiday,school_holiday,season_winter,season_spring,season_summer,season_autumn,zerotosix,sixtotwelve,twelvetoeighteen,eighteentozero,rain,fog,snow,cloudy,partly_cloudy,clear,avg_temp,avg_windspeed,avg_humidity,avg_visibility,num_row
2014-01-15,376,0,0,1,0,0,0,0,0,0,1,0,0,0,1,0,0,0,0,0,0,0,1,0,5.88,7.5,84.2,14.06,1
2014-01-15,6315,0,0,1,0,0,0,0,0,0,1,0,0,0,0,0,0,1,0,0,0,1,0,0,4.88,7.88,91.41,4.2,2
2014-01-15,7436,0,0,1,0,0,0,0,0,0,1,0,0,0,0,0,1,0,0,0,0,0,1,0,6.26,11.56,76.97,13.0,3
2014-01-15,7503,0,0,1,0,0,0,0,0,0,1,0,0,0,0,1,0,0,0,0,0,0,0,1,3.8,2.53,85.6,11.33,4
2014-01-16,443,0,0,0,1,0,0,0,0,0,1,0,0,0,1,0,0,0,0,0,0,1,0,0,4.42,8.97,80.21,9.33,5
2014-01-16,5514,0,0,0,1,0,0,0,0,0,1,0,0,0,0,0,0,1,0,0,0,1,0,0,2.44,7.52,67.56,16.0,6
2014-01-16,6858,0,0,0,1,0,0,0,0,0,1,0,0,0,0,0,1,0,0,0,0,1,0,0,3.65,12.4,68.66,16.0,7
2014-01-16,7138,0,0,0,1,0,0,0,0,0,1,0,0,0,0,1,0,0,0,0,0,1,0,0,3.9,14.56,74.93,16.0,8
2014-01-17,450,0,0,0,0,1,0,0,0,0,1,0,0,0,1,0,0,0,0,0,0,0,1,0,1.7,7.47,64.62,16.0,9
2014-01-17,5002,0,0,0,0,1,0,0,0,0,1,0,0,0,0,0,0,1,0,0,0,1,0,0,4.37,4.33,53.74,16.0,10
2014-01-17,6914,0,0,0,0,1,0,0,0,0,1,0,0,0,0,1,0,0,0,0,0,0,1,0,2.18,14.8,51.77,16.0,11
2014-01-17,7935,0,0,0,0,1,0,0,0,0,1,0,0,0,0,0,1,0,0,0,0,0,1,0,6.3,13.65,49.95,16.0,12
2014-01-18,625,0,0,0,0,0,1,0,0,0,1,0,0,0,1,0,0,0,0,0,0,1,0,0,3.72,9.04,66.54,14.4,13
2014-01-18,1731,0,0,0,0,0,1,0,0,0,1,0,0,0,0,1,0,0,0,0,0,1,0,0,3.23,13.6,82.33,8.67,14
2014-01-18,2191,0,0,0,0,0,1,0,0,0,1,0,0,0,0,0,0,1,0,0,0,0,1,0,-0.74,26.68,60.92,16.0,15
2014-01-18,4891,0,0,0,0,0,1,0,0,0,1,0,0,0,0,0,1,0,0,0,0,0,1,0,2.55,29.6,61.68,16.0,16
2014-01-19,403,0,0,0,0,0,0,1,0,0,1,0,0,0,1,0,0,0,0,0,0,0,1,0,-2.7,20.38,65.24,16.0,17
2014-01-19,1830,0,0,0,0,0,0,1,0,0,1,0,0,0,0,1,0,0,0,0,0,0,1,0,-3.62,18.46,58.4,16.0,18
2014-01-19,2137,0,0,0,0,0,0,1,0,0,1,0,0,0,0,0,0,1,0,0,0,0,0,1,2.3,22.3,49.37,16.0,19
2014-01-19,4658,0,0,0,0,0,0,1,0,0,1,0,0,0,0,0,1,0,0,0,0,0,1,0,0.43,24.77,47.64,16.0,20
2014-01-20,309,1,0,0,0,0,0,0,1,1,1,0,0,0,1,0,0,0,0,0,0,0,0,1,2.73,19.7,48.54,16.0,21
2014-01-20,3342,1,0,0,0,0,0,0,1,1,1,0,0,0,0,1,0,0,0,0,0,1,0,0,3.56,17.68,52.39,16.0,22
2014-01-20,3544,1,0,0,0,0,0,0,1,1,1,0,0,0,0,0,0,1,0,0,0,1,0,0,2.33,21.6,57.02,16.0,23
2014-01-20,6212,1,0,0,0,0,0,0,1,1,1,0,0,0,0,0,1,0,0,0,0,0,1,0,6.47,32.1,43.03,16.0,24
2014-01-21,264,0,1,0,0,0,0,0,0,0,1,0,0,0,1,0,0,0,0,0,0,1,0,0,-1.25,21.6,43.5,16.0,25
2014-01-21,294,0,1,0,0,0,0,0,0,0,1,0,0,0,0,0,0,1,0,0,1,0,0,0,-10.02,29.15,83.07,0.5,26
2014-01-21,509,0,1,0,0,0,0,0,0,0,1,0,0,0,0,0,1,0,0,0,1,0,0,0,-8.42,26.5,84.63,0.5,27
2014-01-21,2737,0,1,0,0,0,0,0,0,0,1,0,0,0,0,1,0,0,0,0,0,1,0,0,-3.9,18.55,49.87,12.5,28
2014-01-22,24,0,0,1,0,0,0,0,0,0,1,0,0,0,1,0,0,0,0,0,0,1,0,0,-11.52,33.03,64.23,12.67,29
2014-01-22,586,0,0,1,0,0,0,0,0,0,1,0,0,0,0,1,0,0,0,0,0,0,1,0,-13.13,38.38,56.3,15.5,30
2014-01-22,863,0,0,1,0,0,0,0,0,0,1,0,0,0,0,0,0,1,0,0,0,0,1,0,-10.27,26.78,46.43,16.0,31
2014-01-22,978,0,0,1,0,0,0,0,0,0,1,0,0,0,0,0,1,0,0,0,0,0,1,0,-8.82,25.63,42.48,16.0,32
2014-01-23,80,0,0,0,1,0,0,0,0,0,1,0,0,0,1,0,0,0,0,0,0,0,1,0,-12.64,18.58,54.05,16.0,33
2014-01-23,1531,0,0,0,1,0,0,0,0,0,1,0,0,0,0,1,0,0,0,0,0,0,1,0,-11.58,18.88,53.79,16.0,34
2014-01-23,1606,0,0,0,1,0,0,0,0,0,1,0,0,0,0,0,0,1,0,0,0,0,1,0,-7.9,25.45,50.64,16.0,35
2014-01-23,1854,0,0,0,1,0,0,0,0,0,1,0,0,0,0,0,1,0,0,0,0,0,1,0,-7.3,24.35,43.18,16.0,36
2014-01-24,144,0,0,0,0,1,0,0,0,0,1,0,0,0,1,0,0,0,0,0,0,0,1,0,-10.06,25.54,50.55,16.0,37
2014-01-24,1554,0,0,0,0,1,0,0,0,0,1,0,0,0,0,0,0,1,0,0,0,0,1,0,-8.3,23.45,43.14,16.0,38
2014-01-24,2051,0,0,0,0,1,0,0,0,0,1,0,0,0,0,1,0,0,0,0,0,0,1,0,-11.47,27.13,47.16,16.0,39
2014-01-24,2427,0,0,0,0,1,0,0,0,0,1,0,0,0,0,0,1,0,0,0,0,0,1,0,-7.85,17.95,33.19,16.0,40
2014-01-25,186,0,0,0,0,0,1,0,0,0,1,0,0,0,1,0,0,0,0,0,0,1,0,0,-7.38,26.0,44.49,16.0,41
2014-01-25,795,0,0,0,0,0,1,0,0,0,1,0,0,0,0,0,0,1,0,0,0,0,1,0,-4.1,15.15,69.79,16.0,42
2014-01-25,1341,0,0,0,0,0,1,0,0,0,1,0,0,0,0,1,0,0,0,0,0,0,1,0,-5.7,24.1,49.0,16.0,43
2014-01-25,2016,0,0,0,0,0,1,0,0,0,1,0,0,0,0,0,1,0,0,0,1,0,0,0,-3.5,14.8,74.78,2.07,44
2014-01-26,217,0,0,0,0,0,0,1,0,0,1,0,0,0,1,0,0,0,0,0,0,0,0,1,-5.38,19.9,55.25,15.63,45
2014-01-26,1007,0,0,0,0,0,0,1,0,0,1,0,0,0,0,1,0,0,0,0,0,0,0,1,-7.56,17.94,39.46,16.0,46
2014-01-26,1280,0,0,0,0,0,0,1,0,0,1,0,0,0,0,0,0,1,0,0,0,1,0,0,-2.04,9.38,49.74,16.0,47
2014-01-26,2476,0,0,0,0,0,0,1,0,0,1,0,0,0,0,0,1,0,0,0,0,1,0,0,-6.17,15.73,46.8,14.07,48
2014-01-27,200,1,0,0,0,0,0,0,0,0,1,0,0,0,1,0,0,0,0,0,0,0,1,0,0.8,4.55,62.41,16.0,49
2014-01-27,3654,1,0,0,0,0,0,0,0,0,1,0,0,0,0,0,0,1,0,0,0,0,1,0,-3.98,20.26,28.77,16.0,50
2014-01-27,4623,1,0,0,0,0,0,0,0,0,1,0,0,0,0,0,1,0,0,0,0,1,0,0,1.38,24.15,41.85,16.0,51
2014-01-27,4642,1,0,0,0,0,0,0,0,0,1,0,0,0,0,1,0,0,0,0,0,1,0,0,3.62,11.96,57.07,16.0,52
2014-01-28,190,0,1,0,0,0,0,0,0,0,1,0,0,0,1,0,0,0,0,0,0,0,1,0,-7.67,20.82,36.95,16.0,53
2014-01-28,2916,0,1,0,0,0,0,0,0,0,1,0,0,0,0,0,0,1,0,0,0,1,0,0,-7.75,6.05,28.56,16.0,54
2014-01-28,3396,0,1,0,0,0,0,0,0,0,1,0,0,0,0,0,1,0,0,0,0,0,1,0,-8.0,8.93,27.53,16.0,55
2014-01-28,3531,0,1,0,0,0,0,0,0,0,1,0,0,0,0,1,0,0,0,0,0,0,1,0,-10.27,16.1,38.76,16.0,56
2014-01-29,136,0,0,1,0,0,0,0,0,0,1,0,0,0,1,0,0,0,0,0,1,0,0,0,-9.65,10.93,74.37,2.83,57
2014-01-29,3007,0,0,1,0,0,0,0,0,0,1,0,0,0,0,0,0,1,0,0,0,0,0,1,-6.63,14.78,34.87,16.0,58
2014-01-29,3157,0,0,1,0,0,0,0,0,0,1,0,0,0,0,1,0,0,0,0,0,0,1,0,-9.8,13.77,53.37,15.67,59
2014-01-29,3721,0,0,1,0,0,0,0,0,0,1,0,0,0,0,0,1,0,0,0,0,0,0,1,-6.2,14.88,29.6,16.0,60
2014-01-30,223,0,0,0,1,0,0,0,0,0,1,0,0,0,1,0,0,0,0,0,0,0,0,1,-7.77,6.12,39.96,16.0,61
2014-01-30,3531,0,0,0,1,0,0,0,0,0,1,0,0,0,0,0,0,1,0,0,0,0,0,1,-3.23,9.78,47.36,16.0,62
2014-01-30,4121,0,0,0,1,0,0,0,0,0,1,0,0,0,0,1,0,0,0,0,0,0,0,1,-7.22,8.13,41.0,16.0,63
2014-01-30,4283,0,0,0,1,0,0,0,0,0,1,0,0,0,0,0,1,0,0,0,0,0,0,1,-2.9,6.75,34.62,16.0,64
2014-01-31,299,0,0,0,0,1,0,0,0,0,1,0,0,0,1,0,0,0,0,0,0,0,1,0,-2.86,11.78,45.23,16.0,65
2014-01-31,3827,0,0,0,0,1,0,0,0,0,1,0,0,0,0,0,0,1,0,0,0,0,1,0,3.2,6.68,35.58,16.0,66
2014-01-31,4966,0,0,0,0,1,0,0,0,0,1,0,0,0,0,1,0,0,0,0,0,1,0,0,-1.12,12.94,42.29,16.0,67
2014-01-31,5561,0,0,0,0,1,0,0,0,0,1,0,0,0,0,0,1,0,0,0,0,0,1,0,3.23,8.4,33.26,16.0,68
2014-02-01,518,0,0,0,0,0,1,0,0,0,1,0,0,0,1,0,0,0,0,0,0,0,1,0,2.37,0.9,42.13,16.0,69
2014-02-01,2748,0,0,0,0,0,1,0,0,0,1,0,0,0,0,0,0,1,0,0,0,0,1,0,4.18,8.95,67.69,14.3,70
2014-02-01,2774,0,0,0,0,0,1,0,0,0,1,0,0,0,0,1,0,0,0,0,0,0,1,0,3.57,3.9,43.02,15.67,71
2014-02-01,6731,0,0,0,0,0,1,0,0,0,1,0,0,0,0,0,1,0,0,0,0,0,1,0,6.08,11.58,37.31,16.0,72
2014-02-02,615,0,0,0,0,0,0,1,0,0,1,0,0,0,1,0,0,0,0,0,0,0,0,1,3.38,3.05,82.15,10.15,73
2014-02-02,2600,0,0,0,0,0,0,1,0,0,1,0,0,0,0,0,0,1,0,0,0,1,0,0,7.58,7.96,64.36,16.0,74
2014-02-02,2713,0,0,0,0,0,0,1,0,0,1,0,0,0,0,1,0,0,0,0,0,0,1,0,4.52,5.08,75.97,11.22,75
2014-02-02,7888,0,0,0,0,0,0,1,0,0,1,0,0,0,0,0,1,0,0,0,0,0,1,0,11.05,7.45,51.66,14.88,76
2014-02-03,235,1,0,0,0,0,0,0,0,0,1,0,0,0,1,0,0,0,1,0,0,0,0,0,2.55,12.05,82.49,8.23,77
2014-02-03,597,1,0,0,0,0,0,0,0,0,1,0,0,0,0,0,1,0,0,0,1,0,0,0,-0.73,14.13,88.94,0.87,78
2014-02-03,696,1,0,0,0,0,0,0,0,0,1,0,0,0,0,1,0,0,0,0,1,0,0,0,-0.28,11.97,90.92,0.32,79
2014-02-03,1072,1,0,0,0,0,0,0,0,0,1,0,0,0,0,0,0,1,0,0,0,1,0,0,-1.0,9.63,82.31,7.5,80
2014-02-04,102,0,1,0,0,0,0,0,0,0,1,0,0,0,1,0,0,0,0,0,0,0,0,1,-3.34,6.26,73.18,7.9,81
2014-02-04,2439,0,1,0,0,0,0,0,0,0,1,0,0,0,0,1,0,0,0,0,0,0,1,0,-3.46,4.72,70.73,6.78,82
2014-02-04,2960,0,1,0,0,0,0,0,0,0,1,0,0,0,0,0,0,1,0,0,0,1,0,0,-0.13,6.87,70.43,13.53,83
2014-02-04,3208,0,1,0,0,0,0,0,0,0,1,0,0,0,0,0,1,0,0,0,0,0,1,0,0.44,4.46,63.06,11.28,84
2014-02-05,106,0,0,1,0,0,0,0,0,0,1,0,0,0,1,0,0,0,0,0,1,0,0,0,-1.1,15.9,86.75,1.82,85
2014-02-05,465,0,0,1,0,0,0,0,0,0,1,0,0,0,0,1,0,0,0,0,1,0,0,0,-0.44,20.28,89.3,5.06,86
2014-02-05,983,0,0,1,0,0,0,0,0,0,1,0,0,0,0,0,1,0,0,0,0,1,0,0,0.6,9.6,88.23,8.07,87
2014-02-05,1192,0,0,1,0,0,0,0,0,0,1,0,0,0,0,0,0,1,0,0,0,1,0,0,0.43,8.67,83.99,9.73,88
2014-02-06,129,0,0,0,1,0,0,0,0,0,1,0,0,0,1,0,0,0,0,0,0,1,0,0,-1.84,16.42,75.36,15.7,89
2014-02-06,2111,0,0,0,1,0,0,0,0,0,1,0,0,0,0,1,0,0,0,0,0,1,0,0,-4.73,18.27,71.29,16.0,90
2014-02-06,2153,0,0,0,1,0,0,0,0,0,1,0,0,0,0,0,0,1,0,0,0,0,0,1,-2.7,6.17,59.77,16.0,91
2014-02-06,2803,0,0,0,1,0,0,0,0,0,1,0,0,0,0,0,1,0,0,0,0,0,1,0,-2.83,7.1,58.33,16.0,92
2014-02-07,201,0,0,0,0,1,0,0,0,0,1,0,0,0,1,0,0,0,0,0,0,0,1,0,-3.18,14.58,57.25,16.0,93
2014-02-07,2114,0,0,0,0,1,0,0,0,0,1,0,0,0,0,0,0,1,0,0,0,0,0,1,-1.3,16.07,49.0,16.0,94
2014-02-07,2796,0,0,0,0,1,0,0,0,0,1,0,0,0,0,1,0,0,0,0,0,0,0,1,-3.65,13.7,54.78,15.75,95
2014-02-07,3384,0,0,0,0,1,0,0,0,0,1,0,0,0,0,0,1,0,0,0,0,0,0,1,-0.7,12.3,43.8,16.0,96
2014-02-08,280,0,0,0,0,0,1,0,0,0,1,0,0,0,1,0,0,0,0,0,0,0,0,1,-3.4,13.98,40.66,16.0,97
2014-02-08,1235,0,0,0,0,0,1,0,0,0,1,0,0,0,0,0,0,1,0,0,0,0,1,0,-2.83,12.37,45.07,16.0,98
2014-02-08,1463,0,0,0,0,0,1,0,0,0,1,0,0,0,0,1,0,0,0,0,0,0,1,0,-5.5,10.33,36.9,16.0,99
2014-02-08,3008,0,0,0,0,0,1,0,0,0,1,0,0,0,0,0,1,0,0,0,0,1,0,0,-2.25,4.85,35.39,16.0,100
2014-02-09,270,0,0,0,0,0,0,1,0,0,1,0,0,0,1,0,0,0,0,0,0,0,0,1,-4.5,8.22,41.72,16.0,101
2014-02-09,576,0,0,0,0,0,0,1,0,0,1,0,0,0,0,0,0,1,0,0,1,0,0,0,-3.13,6.35,81.66,2.13,102
2014-02-09,1216,0,0,0,0,0,0,1,0,0,1,0,0,0,0,1,0,0,0,0,0,0,0,1,-5.14,9.04,49.94,16.0,103
2014-02-09,2934,0,0,0,0,0,0,1,0,0,1,0,0,0,0,0,1,0,0,0,0,1,0,0,-1.9,10.1,47.99,16.0,104
2014-02-10,93,1,0,0,0,0,0,0,0,0,1,0,0,0,1,0,0,0,0,0,0,0,0,1,-3.87,15.37,70.46,12.8,105
2014-02-10,2026,1,0,0,0,0,0,0,0,0,1,0,0,0,0,1,0,0,0,0,0,0,0,1,-5.5,16.67,56.68,15.02,106
2014-02-10,2207,1,0,0,0,0,0,0,0,0,1,0,0,0,0,0,0,1,0,0,0,0,0,1,-3.83,13.02,44.38,16.0,107
2014-02-10,2520,1,0,0,0,0,0,0,0,0,1,0,0,0,0,0,1,0,0,0,0,0,0,1,-2.48,17.13,41.17,16.0,108
2014-02-11,132,0,1,0,0,0,0,0,0,0,1,0,0,0,1,0,0,0,0,0,0,0,0,1,-6.53,12.02,52.79,16.0,109
2014-02-11,2360,0,1,0,0,0,0,0,0,0,1,0,0,0,0,0,0,1,0,0,0,0,0,1,-5.82,18.87,44.04,16.0,110
2014-02-11,2819,0,1,0,0,0,0,0,0,0,1,0,0,0,0,1,0,0,0,0,0,0,0,1,-7.57,16.67,50.1,16.0,111
2014-02-11,3032,0,1,0,0,0,0,0,0,0,1,0,0,0,0,0,1,0,0,0,0,0,0,1,-4.17,12.5,38.86,16.0,112
2014-02-12,140,0,0,1,0,0,0,0,0,0,1,0,0,0,1,0,0,0,0,0,0,0,0,1,-8.75,10.38,52.64,16.0,113
2014-02-12,2514,0,0,1,0,0,0,0,0,0,1,0,0,0,0,0,0,1,0,0,0,1,0,0,-4.4,9.33,61.52,16.0,114
2014-02-12,2865,0,0,1,0,0,0,0,0,0,1,0,0,0,0,1,0,0,0,0,0,0,0,1,-10.17,12.93,54.29,16.0,115
2014-02-12,3061,0,0,1,0,0,0,0,0,0,1,0,0,0,0,0,1,0,0,0,0,0,1,0,-5.15,10.82,44.04,16.0,116
2014-02-13,78,0,0,0,1,0,0,0,0,0,1,0,0,0,1,0,0,0,0,0,1,0,0,0,-3.18,14.12,84.92,1.92,117
2014-02-13,131,0,0,0,1,0,0,0,0,0,1,0,0,0,0,1,0,0,0,0,1,0,0,0,-1.02,31.67,87.68,0.72,118
2014-02-13,301,0,0,0,1,0,0,0,0,0,1,0,0,0,0,0,1,0,1,0,0,0,0,0,1.77,27.9,86.28,4.32,119
2014-02-13,366,0,0,0,1,0,0,0,0,0,1,0,0,0,0,0,0,1,1,0,0,0,0,0,1.27,20.02,85.87,9.63,120
2014-02-14,32,0,0,0,0,1,0,0,0,0,1,0,0,0,1,0,0,0,1,0,0,0,0,0,0.4,18.55,86.43,5.13,121
2014-02-14,773,0,0,0,0,1,0,0,0,0,1,0,0,0,0,1,0,0,0,0,0,0,0,1,2.37,21.13,63.31,14.77,122
2014-02-14,1044,0,0,0,0,1,0,0,0,0,1,0,0,0,0,0,0,1,0,0,0,0,0,1,3.43,13.8,51.23,16.0,123
2014-02-14,1760,0,0,0,0,1,0,0,0,0,1,0,0,0,0,0,1,0,0,0,0,0,1,0,4.1,25.1,51.17,14.5,124
2014-02-15,154,0,0,0,0,0,1,0,0,0,1,0,0,0,1,0,0,0,0,0,0,1,0,0,1.77,5.08,58.39,15.3,125
2014-02-15,309,0,0,0,0,0,1,0,0,0,1,0,0,0,0,0,0,1,0,0,1,0,0,0,-0.47,20.5,87.09,2.43,126
2014-02-15,800,0,0,0,0,0,1,0,0,0,1,0,0,0,0,1,0,0,0,0,0,1,0,0,1.57,14.43,65.49,11.5,127
2014-02-15,998,0,0,0,0,0,1,0,0,0,1,0,0,0,0,0,1,0,0,0,0,1,0,0,1.8,25.7,69.3,4.87,128
2014-02-16,99,0,0,0,0,0,0,1,0,0,1,0,0,0,1,0,0,0,0,0,0,0,0,1,-3.57,22.37,53.94,16.0,129
2014-02-16,603,0,0,0,0,0,0,1,0,0,1,0,0,0,0,1,0,0,0,0,0,0,0,1,-5.42,16.32,54.04,16.0,130
2014-02-16,745,0,0,0,0,0,0,1,0,0,1,0,0,0,0,0,0,1,0,0,0,1,0,0,-3.27,18.33,51.7,16.0,131
2014-02-16,1556,0,0,0,0,0,0,1,0,0,1,0,0,0,0,0,1,0,0,0,0,1,0,0,-1.93,16.67,41.13,16.0,132
2014-02-17,124,1,0,0,0,0,0,0,1,1,1,0,0,0,1,0,0,0,0,0,0,0,0,1,-6.74,19.6,55.96,16.0,133
2014-02-17,1162,1,0,0,0,0,0,0,1,1,1,0,0,0,0,1,0,0,0,0,0,0,0,1,-6.63,14.13,42.23,16.0,134
2014-02-17,1347,1,0,0,0,0,0,0,1,1,1,0,0,0,0,0,0,1,0,0,0,0,1,0,-1.33,4.67,30.39,16.0,135
2014-02-17,2221,1,0,0,0,0,0,0,1,1,1,0,0,0,0,0,1,0,0,0,0,0,0,1,-1.48,7.08,27.63,16.0,136
2014-02-18,105,0,1,0,0,0,0,0,0,1,1,0,0,0,1,0,0,0,0,0,0,1,0,0,-1.93,10.9,48.42,16.0,137
2014-02-18,737,0,1,0,0,0,0,0,0,1,1,0,0,0,0,1,0,0,0,0,1,0,0,0,-2.1,8.1,86.79,2.54,138
2014-02-18,2096,0,1,0,0,0,0,0,0,1,1,0,0,0,0,0,1,0,0,0,0,0,1,0,3.63,16.8,61.61,14.1,139
2014-02-18,2202,0,1,0,0,0,0,0,0,1,1,0,0,0,0,0,0,1,0,0,0,0,0,1,2.28,13.28,55.46,15.1,140
2014-02-19,172,0,0,1,0,0,0,0,0,1,1,0,0,0,1,0,0,0,0,0,0,0,1,0,1.43,3.08,54.04,15.27,141
2014-02-19,2422,0,0,1,0,0,0,0,0,1,1,0,0,0,0,0,1,0,1,0,0,0,0,0,3.85,6.65,83.6,2.98,142
2014-02-19,2859,0,0,1,0,0,0,0,0,1,1,0,0,0,0,0,0,1,0,0,0,1,0,0,5.85,11.9,75.32,8.95,143
2014-02-19,3053,0,0,1,0,0,0,0,0,1,1,0,0,0,0,1,0,0,0,0,0,0,1,0,2.13,12.5,67.83,12.13,144
2014-02-20,223,0,0,0,1,0,0,0,0,1,1,0,0,0,1,0,0,0,0,0,0,0,0,1,5.3,13.83,54.46,16.0,145
2014-02-20,3067,0,0,0,1,0,0,0,0,1,1,0,0,0,0,0,0,1,1,0,0,0,0,0,3.83,10.07,88.0,4.43,146
2014-02-20,4165,0,0,0,1,0,0,0,0,1,1,0,0,0,0,1,0,0,0,0,0,0,0,1,4.5,6.65,53.79,16.0,147
2014-02-20,4337,0,0,0,1,0,0,0,0,1,1,0,0,0,0,0,1,0,0,0,0,1,0,0,7.47,9.73,43.67,16.0,148
2014-02-21,283,0,0,0,0,1,0,0,0,1,1,0,0,0,1,0,0,0,0,0,0,1,0,0,2.5,11.62,90.12,2.48,149
2014-02-21,2616,0,0,0,0,1,0,0,0,1,1,0,0,0,0,0,0,1,0,0,0,0,0,1,6.33,8.83,66.82,16.0,150
2014-02-21,2699,0,0,0,0,1,0,0,0,1,1,0,0,0,0,1,0,0,0,0,0,1,0,0,1.9,16.68,93.44,2.22,151
2014-02-21,3082,0,0,0,0,1,0,0,0,1,1,0,0,0,0,0,1,0,0,0,0,1,0,0,4.37,12.6,93.24,0.0,152
2014-02-22,418,0,0,0,0,0,1,0,0,0,1,0,0,0,1,0,0,0,0,0,0,0,0,1,5.82,10.62,63.04,16.0,153
2014-02-22,2472,0,0,0,0,0,1,0,0,0,1,0,0,0,0,1,0,0,0,0,0,0,0,1,6.63,13.53,44.24,16.0,154
2014-02-22,2680,0,0,0,0,0,1,0,0,0,1,0,0,0,0,0,0,1,0,0,0,0,0,1,10.37,12.55,32.05,16.0,155
2014-02-22,7474,0,0,0,0,0,1,0,0,0,1,0,0,0,0,0,1,0,0,0,0,0,0,1,10.98,23.08,27.39,16.0,156
2014-02-23,582,0,0,0,0,0,0,1,0,0,1,0,0,0,1,0,0,0,0,0,0,0,1,0,7.9,10.18,48.32,16.0,157
2014-02-23,2462,0,0,0,0,0,0,1,0,0,1,0,0,0,0,1,0,0,0,0,0,0,1,0,7.7,5.35,48.17,16.0,158
2014-02-23,2574,0,0,0,0,0,0,1,0,0,1,0,0,0,0,0,0,1,0,0,0,1,0,0,9.28,14.68,40.84,16.0,159
2014-02-23,7706,0,0,0,0,0,0,1,0,0,1,0,0,0,0,0,1,0,0,0,0,0,1,0,10.88,6.06,35.41,16.0,160
2014-02-24,213,1,0,0,0,0,0,0,0,0,1,0,0,0,1,0,0,0,0,0,0,1,0,0,6.2,12.0,53.35,16.0,161
2014-02-24,3487,1,0,0,0,0,0,0,0,0,1,0,0,0,0,0,0,1,0,0,0,0,0,1,-1.07,22.67,40.59,16.0,162
2014-02-24,4469,1,0,0,0,0,0,0,0,0,1,0,0,0,0,0,1,0,0,0,0,0,1,0,2.38,24.47,31.36,16.0,163
2014-02-24,4753,1,0,0,0,0,0,0,0,0,1,0,0,0,0,1,0,0,0,0,0,0,0,1,1.34,15.34,38.12,16.0,164
2014-02-25,217,0,1,0,0,0,0,0,0,0,1,0,0,0,1,0,0,0,0,0,0,0,0,1,-3.3,12.37,42.58,16.0,165
2014-02-25,3672,0,1,0,0,0,0,0,0,0,1,0,0,0,0,0,0,1,0,0,0,0,0,1,-1.9,14.5,41.42,16.0,166
2014-02-25,4353,0,1,0,0,0,0,0,0,0,1,0,0,0,0,0,1,0,0,0,0,0,1,0,-0.53,21.17,39.87,16.0,167
2014-02-25,4588,0,1,0,0,0,0,0,0,0,1,0,0,0,0,1,0,0,0,0,0,1,0,0,-2.77,9.75,47.36,16.0,168
2014-02-26,238,0,0,1,0,0,0,0,0,0,1,0,0,0,1,0,0,0,0,0,0,0,1,0,-2.94,3.84,41.19,16.0,169
2014-02-26,3273,0,0,1,0,0,0,0,0,0,1,0,0,0,0,0,0,1,0,0,0,0,0,1,-4.95,13.78,29.96,16.0,170
2014-02-26,3649,0,0,1,0,0,0,0,0,0,1,0,0,0,0,1,0,0,0,0,0,1,0,0,-3.1,13.35,55.34,13.05,171
2014-02-26,4028,0,0,1,0,0,0,0,0,0,1,0,0,0,0,0,1,0,0,0,0,0,1,0,-1.62,17.36,46.29,15.8,172
2014-02-27,226,0,0,0,1,0,0,0,0,0,1,0,0,0,1,0,0,0,0,0,0,0,0,1,-6.87,6.58,35.85,16.0,173
2014-02-27,3125,0,0,0,1,0,0,0,0,0,1,0,0,0,0,0,0,1,0,0,0,0,0,1,-7.5,26.7,30.76,16.0,174
2014-02-27,4223,0,0,0,1,0,0,0,0,0,1,0,0,0,0,0,1,0,0,0,0,0,1,0,-1.07,16.97,33.48,16.0,175
2014-02-27,4462,0,0,0,1,0,0,0,0,0,1,0,0,0,0,1,0,0,0,0,0,1,0,0,-2.77,12.0,38.25,16.0,176
2014-02-28,224,0,0,0,0,1,0,0,0,0,1,0,0,0,1,0,0,0,0,0,0,0,0,1,-11.2,20.73,33.57,16.0,177
2014-02-28,2406,0,0,0,0,1,0,0,0,0,1,0,0,0,0,0,0,1,0,0,0,0,0,1,-5.83,3.72,31.75,16.0,178
2014-02-28,3249,0,0,0,0,1,0,0,0,0,1,0,0,0,0,1,0,0,0,0,0,0,0,1,-10.87,11.72,39.0,16.0,179
2014-02-28,3708,0,0,0,0,1,0,0,0,0,1,0,0,0,0,0,1,0,0,0,0,0,0,1,-5.87,8.23,27.93,16.0,180
2014-03-01,301,0,0,0,0,0,1,0,0,0,0,1,0,0,1,0,0,0,0,0,0,0,0,1,-6.07,5.45,41.18,16.0,181
2014-03-01,1976,0,0,0,0,0,1,0,0,0,0,1,0,0,0,0,0,1,0,0,0,1,0,0,2.12,6.84,45.71,16.0,182
2014-03-01,2030,0,0,0,0,0,1,0,0,0,0,1,0,0,0,1,0,0,0,0,0,0,1,0,-1.97,11.93,45.3,15.83,183
2014-03-01,4895,0,0,0,0,0,1,0,0,0,0,1,0,0,0,0,1,0,0,0,0,0,1,0,1.9,9.55,36.27,16.0,184
2014-03-02,451,0,0,0,0,0,0,1,0,0,0,1,0,0,1,0,0,0,0,0,0,1,0,0,2.07,10.2,42.65,16.0,185
2014-03-02,1683,0,0,0,0,0,0,1,0,0,0,1,0,0,0,1,0,0,0,0,0,1,0,0,2.58,4.8,45.94,16.0,186
2014-03-02,1748,0,0,0,0,0,0,1,0,0,0,1,0,0,0,0,0,1,0,0,0,1,0,0,2.18,10.02,46.4,16.0,187
2014-03-02,4313,0,0,0,0,0,0,1,0,0,0,1,0,0,0,0,1,0,0,0,0,1,0,0,3.48,7.96,49.57,14.8,188
2014-03-03,204,1,0,0,0,0,0,0,0,0,0,1,0,0,1,0,0,0,0,0,0,1,0,0,-0.97,14.85,51.57,12.88,189
2014-03-03,2278,1,0,0,0,0,0,0,0,0,0,1,0,0,0,1,0,0,0,0,0,1,0,0,-6.17,18.75,44.34,16.0,190
2014-03-03,2521,1,0,0,0,0,0,0,0,0,0,1,0,0,0,0,0,1,0,0,0,0,0,1,-6.52,11.35,39.11,16.0,191
2014-03-03,2705,1,0,0,0,0,0,0,0,0,0,1,0,0,0,0,1,0,0,0,0,0,1,0,-6.05,13.6,37.7,16.0,192
2014-03-04,173,0,1,0,0,0,0,0,0,0,0,1,0,0,1,0,0,0,0,0,0,0,0,1,-9.23,11.85,44.31,16.0,193
2014-03-04,3256,0,1,0,0,0,0,0,0,0,0,1,0,0,0,1,0,0,0,0,0,0,1,0,-8.64,8.3,50.37,16.0,194
2014-03-04,3277,0,1,0,0,0,0,0,0,0,0,1,0,0,0,0,0,1,0,0,0,0,1,0,-1.97,7.65,36.18,16.0,195
2014-03-04,3692,0,1,0,0,0,0,0,0,0,0,1,0,0,0,0,1,0,0,0,0,0,1,0,-3.07,4.38,33.69,16.0,196
2014-03-05,240,0,0,1,0,0,0,0,0,0,0,1,0,0,1,0,0,0,0,0,0,1,0,0,-2.08,3.08,34.31,16.0,197
2014-03-05,3840,0,0,1,0,0,0,0,0,0,0,1,0,0,0,0,0,1,0,0,0,0,0,1,-1.0,17.8,40.69,16.0,198
2014-03-05,4833,0,0,1,0,0,0,0,0,0,0,1,0,0,0,1,0,0,0,0,0,1,0,0,-0.68,4.83,36.57,16.0,199
2014-03-05,4888,0,0,1,0,0,0,0,0,0,0,1,0,0,0,0,1,0,0,0,0,1,0,0,2.02,10.64,30.85,16.0,200
2014-03-06,257,0,0,0,1,0,0,0,0,0,0,1,0,0,1,0,0,0,0,0,0,0,0,1,-5.85,18.25,51.2,16.0,201
2014-03-06,3645,0,0,0,1,0,0,0,0,0,0,1,0,0,0,0,0,1,0,0,0,0,1,0,-2.7,11.98,43.0,16.0,202
2014-03-06,4310,0,0,0,1,0,0,0,0,0,0,1,0,0,0,1,0,0,0,0,0,0,1,0,-6.0,18.07,38.77,16.0,203
2014-03-06,4561,0,0,0,1,0,0,0,0,0,0,1,0,0,0,0,1,0,0,0,0,0,0,1,-1.63,11.37,30.68,16.0,204
2014-03-07,318,0,0,0,0,1,0,0,0,0,0,1,0,0,1,0,0,0,0,0,0,1,0,0,-2.54,14.62,58.14,16.0,205
2014-03-07,3152,0,0,0,0,1,0,0,0,0,0,1,0,0,0,0,0,1,0,0,0,1,0,0,2.05,11.0,68.5,16.0,206
2014-03-07,4499,0,0,0,0,1,0,0,0,0,0,1,0,0,0,1,0,0,0,0,0,1,0,0,-1.53,18.37,68.55,16.0,207
2014-03-07,5335,0,0,0,0,1,0,0,0,0,0,1,0,0,0,0,1,0,0,0,0,1,0,0,0.93,14.92,63.58,16.0,208
2014-03-08,434,0,0,0,0,0,1,0,0,0,0,1,0,0,1,0,0,0,0,0,0,1,0,0,2.4,8.57,66.93,16.0,209
2014-03-08,3063,0,0,0,0,0,1,0,0,0,0,1,0,0,0,1,0,0,0,0,0,0,0,1,4.13,8.3,63.48,16.0,210
2014-03-08,3285,0,0,0,0,0,1,0,0,0,0,1,0,0,0,0,0,1,0,0,0,1,0,0,9.08,13.84,42.28,16.0,211
2014-03-08,9568,0,0,0,0,0,1,0,0,0,0,1,0,0,0,0,1,0,0,0,0,0,1,0,11.45,14.25,37.28,16.0,212
2014-03-09,643,0,0,0,0,0,0,1,0,0,0,1,0,0,1,0,0,0,0,0,0,1,0,0,5.0,12.22,52.97,13.36,213
2014-03-09,2022,0,0,0,0,0,0,1,0,0,0,1,0,0,0,1,0,0,0,0,0,0,1,0,3.3,13.33,50.86,16.0,214
2014-03-09,2885,0,0,0,0,0,0,1,0,0,0,1,0,0,0,0,0,1,0,0,0,0,1,0,4.63,11.87,27.65,16.0,215
2014-03-09,6712,0,0,0,0,0,0,1,0,0,0,1,0,0,0,0,1,0,0,0,0,0,0,1,5.17,18.2,31.51,16.0,216
2014-03-10,294,1,0,0,0,0,0,0,0,0,0,1,0,0,1,0,0,0,0,0,0,1,0,0,3.38,10.82,37.26,16.0,217
2014-03-10,5116,1,0,0,0,0,0,0,0,0,0,1,0,0,0,1,0,0,0,0,0,1,0,0,3.78,12.82,48.5,14.02,218
2014-03-10,5715,1,0,0,0,0,0,0,0,0,0,1,0,0,0,0,0,1,0,0,0,1,0,0,6.93,9.3,57.45,14.83,219
2014-03-10,6106,1,0,0,0,0,0,0,0,0,0,1,0,0,0,0,1,0,0,0,0,1,0,0,7.88,11.3,37.95,16.0,220
2014-03-11,400,0,1,0,0,0,0,0,0,0,0,1,0,0,1,0,0,0,0,0,0,0,1,0,8.0,8.7,49.22,16.0,221
2014-03-11,7184,0,1,0,0,0,0,0,0,0,0,1,0,0,0,1,0,0,0,0,0,0,1,0,10.37,11.42,46.81,16.0,222
2014-03-11,7701,0,1,0,0,0,0,0,0,0,0,1,0,0,0,0,0,1,0,0,0,0,1,0,15.37,3.98,36.3,16.0,223
2014-03-11,9071,0,1,0,0,0,0,0,0,0,0,1,0,0,0,0,1,0,0,0,0,0,1,0,16.97,11.73,30.97,16.0,224
2014-03-12,477,0,0,1,0,0,0,0,0,0,0,1,0,0,1,0,0,0,0,0,0,1,0,0,11.37,5.83,48.36,16.0,225
2014-03-12,2324,0,0,1,0,0,0,0,0,0,0,1,0,0,0,0,0,1,1,0,0,0,0,0,9.82,11.72,86.65,6.3,226
2014-03-12,5023,0,0,1,0,0,0,0,0,0,0,1,0,0,0,0,1,0,0,0,0,1,0,0,11.63,11.32,67.25,11.95,227
2014-03-12,7277,0,0,1,0,0,0,0,0,0,0,1,0,0,0,1,0,0,0,0,0,0,1,0,7.53,11.2,65.57,13.3,228
2014-03-13,227,0,0,0,1,0,0,0,0,0,0,1,0,0,1,0,0,0,0,0,0,1,0,0,-2.23,27.42,59.04,16.0,229
2014-03-13,3384,0,0,0,1,0,0,0,0,0,0,1,0,0,0,0,0,1,0,0,0,0,0,1,-4.3,27.17,30.21,16.0,230
2014-03-13,3554,0,0,0,1,0,0,0,0,0,0,1,0,0,0,1,0,0,0,0,0,1,0,0,-6.86,30.14,46.44,16.0,231
2014-03-13,3814,0,0,0,1,0,0,0,0,0,0,1,0,0,0,0,1,0,0,0,0,0,1,0,-4.33,27.88,38.57,16.0,232
2014-03-14,276,0,0,0,0,1,0,0,0,0,0,1,0,0,1,0,0,0,0,0,0,0,0,1,-5.63,17.13,35.64,16.0,233
2014-03-14,4661,0,0,0,0,1,0,0,0,0,0,1,0,0,0,0,0,1,0,0,0,0,1,0,5.14,10.9,49.68,16.0,234
2014-03-14,4751,0,0,0,0,1,0,0,0,0,0,1,0,0,0,1,0,0,0,0,0,0,0,1,-4.07,6.9,31.28,16.0,235
2014-03-14,6611,0,0,0,0,1,0,0,0,0,0,1,0,0,0,0,1,0,0,0,0,0,0,1,6.6,14.3,32.66,16.0,236
2014-03-15,606,0,0,0,0,0,1,0,0,0,0,1,0,0,1,0,0,0,0,0,0,1,0,0,7.25,9.75,47.45,16.0,237
2014-03-15,3530,0,0,0,0,0,1,0,0,0,0,1,0,0,0,1,0,0,0,0,0,1,0,0,8.87,9.73,42.04,16.0,238
2014-03-15,3913,0,0,0,0,0,1,0,0,0,0,1,0,0,0,0,0,1,0,0,0,0,0,1,10.76,21.5,29.42,16.0,239
2014-03-15,10004,0,0,0,0,0,1,0,0,0,0,1,0,0,0,0,1,0,0,0,0,0,1,0,13.72,23.34,26.52,16.0,240
2014-03-16,561,0,0,0,0,0,0,1,0,0,0,1,0,0,1,0,0,0,0,0,0,0,0,1,4.28,17.48,40.76,16.0,241
2014-03-16,1999,0,0,0,0,0,0,1,0,0,0,1,0,0,0,0,0,1,0,0,0,1,0,0,0.45,13.0,28.31,16.0,242
2014-03-16,2307,0,0,0,0,0,0,1,0,0,0,1,0,0,0,1,0,0,0,0,0,0,0,1,-0.38,18.22,38.63,16.0,243
2014-03-16,4984,0,0,0,0,0,0,1,0,0,0,1,0,0,0,0,1,0,0,0,0,0,1,0,1.93,14.53,25.9,16.0,244
2014-03-17,206,1,0,0,0,0,0,0,0,0,0,1,0,0,1,0,0,0,0,0,0,1,0,0,-2.2,18.62,30.69,16.0,245
2014-03-17,3831,1,0,0,0,0,0,0,0,0,0,1,0,0,0,1,0,0,0,0,0,1,0,0,-4.0,18.12,36.28,16.0,246
2014-03-17,3966,1,0,0,0,0,0,0,0,0,0,1,0,0,0,0,0,1,0,0,0,1,0,0,0.4,7.04,29.26,16.0,247
2014-03-17,4500,1,0,0,0,0,0,0,0,0,0,1,0,0,0,0,1,0,0,0,0,0,1,0,-0.72,12.25,32.35,16.0,248
2014-03-18,289,0,1,0,0,0,0,0,0,0,0,1,0,0,1,0,0,0,0,0,0,0,0,1,-1.38,7.64,40.75,16.0,249
2014-03-18,5160,0,1,0,0,0,0,0,0,0,0,1,0,0,0,0,0,1,0,0,0,0,0,1,2.67,13.2,38.53,16.0,250
2014-03-18,5417,0,1,0,0,0,0,0,0,0,0,1,0,0,0,1,0,0,0,0,0,0,0,1,-1.2,15.02,45.14,16.0,251
2014-03-18,5813,0,1,0,0,0,0,0,0,0,0,1,0,0,0,0,1,0,0,0,0,0,0,1,3.78,15.98,24.6,16.0,252
2014-03-19,313,0,0,1,0,0,0,0,0,0,0,1,0,0,1,0,0,0,0,0,0,0,0,1,0.53,11.58,69.8,16.0,253
2014-03-19,2460,0,0,1,0,0,0,0,0,0,0,1,0,0,0,0,0,1,1,0,0,0,0,0,6.23,14.17,86.48,3.2,254
2014-03-19,4604,0,0,1,0,0,0,0,0,0,0,1,0,0,0,0,1,0,0,0,0,1,0,0,4.45,14.05,65.67,16.0,255
2014-03-19,5964,0,0,1,0,0,0,0,0,0,0,1,0,0,0,1,0,0,0,0,0,1,0,0,1.52,13.28,72.06,16.0,256
2014-03-20,218,0,0,0,1,0,0,0,0,0,0,1,0,0,1,0,0,0,0,0,0,1,0,0,4.58,3.6,92.2,4.65,257
2014-03-20,5962,0,0,0,1,0,0,0,0,0,0,1,0,0,0,0,0,1,0,0,0,0,1,0,8.35,19.83,35.26,15.63,258
2014-03-20,6255,0,0,0,1,0,0,0,0,0,0,1,0,0,0,1,0,0,0,0,0,1,0,0,5.97,9.63,85.05,10.65,259
2014-03-20,7260,0,0,0,1,0,0,0,0,0,0,1,0,0,0,0,1,0,0,0,0,0,1,0,10.8,23.4,36.54,16.0,260
2014-03-21,440,0,0,0,0,1,0,0,0,0,0,1,0,0,1,0,0,0,0,0,0,1,0,0,4.17,20.9,40.75,16.0,261
2014-03-21,5484,0,0,0,0,1,0,0,0,0,0,1,0,0,0,0,0,1,0,0,0,0,0,1,8.37,11.57,30.41,16.0,262
2014-03-21,6643,0,0,0,0,1,0,0,0,0,0,1,0,0,0,1,0,0,0,0,0,1,0,0,3.9,17.15,44.14,16.0,263
2014-03-21,8151,0,0,0,0,1,0,0,0,0,0,1,0,0,0,0,1,0,0,0,0,0,0,1,9.04,17.86,29.01,16.0,264
2014-03-22,614,0,0,0,0,0,1,0,0,0,0,1,0,0,1,0,0,0,0,0,0,0,0,1,5.5,6.23,39.6,16.0,265
2014-03-22,3557,0,0,0,0,0,1,0,0,0,0,1,0,0,0,1,0,0,0,0,0,0,1,0,7.64,12.74,54.48,16.0,266
2014-03-22,4848,0,0,0,0,0,1,0,0,0,0,1,0,0,0,0,0,1,0,0,0,0,0,1,12.5,14.77,32.67,16.0,267
2014-03-22,10861,0,0,0,0,0,1,0,0,0,0,1,0,0,0,0,1,0,0,0,0,0,1,0,14.98,17.0,34.04,16.0,268
2014-03-23,649,0,0,0,0,0,0,1,0,0,0,1,0,0,1,0,0,0,0,0,0,0,0,1,5.14,10.36,47.78,16.0,269
2014-03-23,2482,0,0,0,0,0,0,1,0,0,0,1,0,0,0,1,0,0,0,0,0,0,1,0,3.94,11.52,44.64,16.0,270
2014-03-23,2504,0,0,0,0,0,0,1,0,0,0,1,0,0,0,0,0,1,0,0,0,0,1,0,1.43,22.5,31.47,16.0,271
2014-03-23,6105,0,0,0,0,0,0,1,0,0,0,1,0,0,0,0,1,0,0,0,0,0,1,0,4.56,18.58,30.99,16.0,272
2014-03-24,225,1,0,0,0,0,0,0,0,0,0,1,0,0,1,0,0,0,0,0,0,0,0,1,-4.07,18.53,38.83,16.0,273
2014-03-24,4215,1,0,0,0,0,0,0,0,0,0,1,0,0,0,0,0,1,0,0,0,0,0,1,-1.23,12.77,31.47,16.0,274
2014-03-24,4292,1,0,0,0,0,0,0,0,0,0,1,0,0,0,1,0,0,0,0,0,0,0,1,-5.55,12.85,44.38,16.0,275
2014-03-24,4866,1,0,0,0,0,0,0,0,0,0,1,0,0,0,0,1,0,0,0,0,0,1,0,-0.62,10.28,27.56,16.0,276
2014-03-25,257,0,1,0,0,0,0,0,0,0,0,1,0,0,1,0,0,0,0,0,0,0,0,1,-2.45,5.33,36.54,16.0,277
2014-03-25,4823,0,1,0,0,0,0,0,0,0,0,1,0,0,0,0,0,1,0,0,0,1,0,0,1.6,14.97,43.23,15.83,278
2014-03-25,5186,0,1,0,0,0,0,0,0,0,0,1,0,0,0,1,0,0,0,0,0,0,1,0,-0.32,7.28,36.09,16.0,279
2014-03-25,5771,0,1,0,0,0,0,0,0,0,0,1,0,0,0,0,1,0,0,0,0,0,1,0,2.92,12.18,30.77,16.0,280
2014-03-26,307,0,0,1,0,0,0,0,0,0,0,1,0,0,1,0,0,0,0,0,0,1,0,0,0.83,16.52,47.72,15.83,281
2014-03-26,3979,0,0,1,0,0,0,0,0,0,0,1,0,0,0,0,0,1,0,0,0,0,0,1,-1.6,31.33,29.93,16.0,282
2014-03-26,4960,0,0,1,0,0,0,0,0,0,0,1,0,0,0,0,1,0,0,0,0,0,0,1,1.1,28.82,27.79,16.0,283
2014-03-26,5254,0,0,1,0,0,0,0,0,0,0,1,0,0,0,1,0,0,0,0,0,1,0,0,0.3,18.23,45.68,16.0,284
2014-03-27,259,0,0,0,1,0,0,0,0,0,0,1,0,0,1,0,0,0,0,0,0,0,0,1,-4.2,21.23,43.12,16.0,285
2014-03-27,5115,0,0,0,1,0,0,0,0,0,0,1,0,0,0,1,0,0,0,0,0,0,0,1,-3.85,12.33,44.08,16.0,286
2014-03-27,5302,0,0,0,1,0,0,0,0,0,0,1,0,0,0,0,0,1,0,0,0,0,1,0,4.2,13.17,43.97,16.0,287
2014-03-27,5990,0,0,0,1,0,0,0,0,0,0,1,0,0,0,0,1,0,0,0,0,0,1,0,4.1,13.4,24.72,16.0,288
2014-03-28,467,0,0,0,0,1,0,0,0,0,0,1,0,0,1,0,0,0,0,0,0,0,1,0,3.78,11.08,51.6,16.0,289
2014-03-28,5488,0,0,0,0,1,0,0,0,0,0,1,0,0,0,0,0,1,0,0,0,1,0,0,14.57,8.28,64.35,15.92,290
2014-03-28,6052,0,0,0,0,1,0,0,0,0,0,1,0,0,0,1,0,0,0,0,0,1,0,0,8.75,14.1,59.3,14.18,291
2014-03-28,6418,0,0,0,0,1,0,0,0,0,0,1,0,0,0,0,1,0,0,0,0,1,0,0,12.66,9.88,69.25,15.7,292
2014-03-29,408,0,0,0,0,0,1,0,0,0,0,1,0,0,0,0,0,1,1,0,0,0,0,0,6.45,26.63,90.53,4.65,293
2014-03-29,785,0,0,0,0,0,1,0,0,0,0,1,0,0,1,0,0,0,0,0,0,0,0,1,11.73,7.63,70.22,16.0,294
2014-03-29,1212,0,0,0,0,0,1,0,0,0,0,1,0,0,0,0,1,0,1,0,0,0,0,0,7.32,16.65,87.94,5.7,295
2014-03-29,2075,0,0,0,0,0,1,0,0,0,0,1,0,0,0,1,0,0,0,0,0,1,0,0,9.3,16.27,67.79,16.0,296
2014-03-30,199,0,0,0,0,0,0,1,0,0,0,1,0,0,1,0,0,0,1,0,0,0,0,0,7.4,20.48,92.46,4.2,297
2014-03-30,1042,0,0,0,0,0,0,1,0,0,0,1,0,0,0,0,0,1,0,0,0,1,0,0,5.55,20.28,81.44,14.5,298
2014-03-30,1912,0,0,0,0,0,0,1,0,0,0,1,0,0,0,1,0,0,1,0,0,0,0,0,7.63,15.07,91.29,5.63,299
2014-03-30,4754,0,0,0,0,0,0,1,0,0,0,1,0,0,0,0,1,0,0,0,0,1,0,0,7.88,21.62,77.72,14.37,300
2014-03-31,177,1,0,0,0,0,0,0,0,0,0,1,0,0,1,0,0,0,1,0,0,0,0,0,3.37,20.4,80.63,15.83,301
2014-03-31,3163,1,0,0,0,0,0,0,0,0,0,1,0,0,0,1,0,0,1,0,0,0,0,0,2.95,17.63,80.12,12.3,302
2014-03-31,6466,1,0,0,0,0,0,0,0,0,0,1,0,0,0,0,0,1,0,0,0,0,0,1,9.32,15.25,47.17,16.0,303
2014-03-31,7279,1,0,0,0,0,0,0,0,0,0,1,0,0,0,0,1,0,0,0,0,0,0,1,11.2,16.73,47.33,16.0,304
2014-04-01,344,0,1,0,0,0,0,0,0,0,0,1,0,0,1,0,0,0,0,0,0,0,0,1,4.63,14.43,53.46,16.0,305
2014-04-01,7058,0,1,0,0,0,0,0,0,0,0,1,0,0,0,0,0,1,0,0,0,0,1,0,10.65,10.35,44.37,16.0,306
2014-04-01,7516,0,1,0,0,0,0,0,0,0,0,1,0,0,0,1,0,0,0,0,0,0,0,1,5.55,10.98,51.28,16.0,307
2014-04-01,8990,0,1,0,0,0,0,0,0,0,0,1,0,0,0,0,1,0,0,0,0,0,0,1,11.33,5.9,37.61,16.0,308
2014-04-02,421,0,0,1,0,0,0,0,0,0,0,1,0,0,1,0,0,0,0,0,0,0,0,1,6.9,5.95,60.9,16.0,309
2014-04-02,7338,0,0,1,0,0,0,0,0,0,0,1,0,0,0,0,0,1,0,0,0,0,0,1,10.62,3.2,65.77,15.26,310
2014-04-02,7372,0,0,1,0,0,0,0,0,0,0,1,0,0,0,1,0,0,0,0,0,0,1,0,6.5,1.48,75.55,15.63,311
2014-04-02,7384,0,0,1,0,0,0,0,0,0,0,1,0,0,0,0,1,0,0,0,0,1,0,0,9.35,5.1,66.39,16.0,312
2014-04-03,495,0,0,0,1,0,0,0,0,0,0,1,0,0,1,0,0,0,0,0,0,0,1,0,8.83,3.67,73.68,15.27,313
2014-04-03,7335,0,0,0,1,0,0,0,0,0,0,1,0,0,0,0,0,1,0,0,0,0,1,0,13.48,10.05,31.63,16.0,314
2014-04-03,8536,0,0,0,1,0,0,0,0,0,0,1,0,0,0,1,0,0,0,0,0,0,0,1,9.18,8.6,44.93,16.0,315
2014-04-03,9955,0,0,0,1,0,0,0,0,0,0,1,0,0,0,0,1,0,0,0,0,0,1,0,16.35,4.45,21.41,16.0,316
2014-04-04,289,0,0,0,0,1,0,0,0,0,0,1,0,0,1,0,0,0,1,0,0,0,0,0,7.8,10.07,76.84,12.37,317
2014-04-04,1893,0,0,0,0,1,0,0,0,0,0,1,0,0,0,0,0,1,1,0,0,0,0,0,4.62,15.02,87.9,4.18,318
2014-04-04,5147,0,0,0,0,1,0,0,0,0,0,1,0,0,0,1,0,0,0,0,0,1,0,0,6.18,14.93,72.6,16.0,319
2014-04-04,5237,0,0,0,0,1,0,0,0,0,0,1,0,0,0,0,1,0,0,0,0,1,0,0,5.97,18.72,72.27,12.22,320
2014-04-05,341,0,0,0,0,0,1,0,0,0,0,1,0,0,1,0,0,0,0,0,0,1,0,0,4.95,9.05,87.03,12.88,321
2014-04-05,4036,0,0,0,0,0,1,0,0,0,0,1,0,0,0,0,0,1,0,0,0,0,0,1,7.58,20.66,40.16,16.0,322
2014-04-05,4215,0,0,0,0,0,1,0,0,0,0,1,0,0,0,1,0,0,0,0,0,1,0,0,5.4,7.0,84.4,14.65,323
2014-04-05,10063,0,0,0,0,0,1,0,0,0,0,1,0,0,0,0,1,0,0,0,0,1,0,0,10.77,20.4,38.07,16.0,324
2014-04-06,622,0,0,0,0,0,0,1,0,0,0,1,0,0,1,0,0,0,0,0,0,0,0,1,3.72,13.23,48.62,16.0,325
2014-04-06,3415,0,0,0,0,0,0,1,0,0,0,1,0,0,0,1,0,0,0,0,0,0,0,1,4.0,10.15,46.33,16.0,326
2014-04-06,4655,0,0,0,0,0,0,1,0,0,0,1,0,0,0,0,0,1,0,0,0,0,0,1,10.52,8.02,36.52,16.0,327
2014-04-06,12058,0,0,0,0,0,0,1,0,0,0,1,0,0,0,0,1,0,0,0,0,0,0,1,12.25,6.18,22.59,16.0,328
2014-04-07,378,1,0,0,0,0,0,0,0,0,0,1,0,0,1,0,0,0,0,0,0,0,0,1,7.63,3.2,50.37,15.33,329
2014-04-07,1072,1,0,0,0,0,0,0,0,0,0,1,0,0,0,0,0,1,1,0,0,0,0,0,6.7,16.65,87.92,3.57,330
2014-04-07,5820,1,0,0,0,0,0,0,0,0,0,1,0,0,0,0,1,0,0,0,0,1,0,0,10.2,20.17,54.55,16.0,331
2014-04-07,7407,1,0,0,0,0,0,0,0,0,0,1,0,0,0,1,0,0,0,0,0,0,1,0,7.45,9.22,61.67,9.78,332
2014-04-08,205,0,1,0,0,0,0,0,0,0,0,1,0,0,1,0,0,0,1,0,0,0,0,0,7.58,8.0,92.78,3.42,333
2014-04-08,4418,0,1,0,0,0,0,0,0,0,0,1,0,0,0,1,0,0,1,0,0,0,0,0,9.85,6.8,91.62,3.3,334
2014-04-08,8235,0,1,0,0,0,0,0,0,0,0,1,0,0,0,0,0,1,0,0,0,0,0,1,12.73,19.93,40.45,16.0,335
2014-04-08,9026,0,1,0,0,0,0,0,0,0,0,1,0,0,0,0,1,0,0,0,0,0,1,0,16.98,18.53,50.51,16.0,336
2014-04-09,469,0,0,1,0,0,0,0,0,0,0,1,0,0,1,0,0,0,0,0,0,0,0,1,8.34,10.66,55.91,16.0,337
2014-04-09,7631,0,0,1,0,0,0,0,0,0,0,1,0,0,0,0,0,1,0,0,0,0,0,1,10.82,14.98,26.19,16.0,338
2014-04-09,8960,0,0,1,0,0,0,0,0,0,0,1,0,0,0,1,0,0,0,0,0,0,0,1,9.08,10.63,55.3,16.0,339
2014-04-09,9871,0,0,1,0,0,0,0,0,0,0,1,0,0,0,0,1,0,0,0,0,0,1,0,14.36,21.76,28.22,16.0,340
2014-04-10,488,0,0,0,1,0,0,0,0,0,0,1,0,0,1,0,0,0,0,0,0,0,0,1,7.13,6.65,27.91,16.0,341
2014-04-10,7979,0,0,0,1,0,0,0,0,0,0,1,0,0,0,0,0,1,0,0,0,0,0,1,12.88,20.13,43.25,16.0,342
2014-04-10,9056,0,0,0,1,0,0,0,0,0,0,1,0,0,0,1,0,0,0,0,0,0,0,1,8.93,10.1,27.22,16.0,343
2014-04-10,9940,0,0,0,1,0,0,0,0,0,0,1,0,0,0,0,1,0,0,0,0,0,0,1,13.3,17.97,27.05,16.0,344
2014-04-11,644,0,0,0,0,1,0,0,0,0,0,1,0,0,1,0,0,0,0,0,0,0,1,0,12.98,10.88,42.73,16.0,345
2014-04-11,6797,0,0,0,0,1,0,0,0,0,0,1,0,0,0,0,0,1,0,0,0,0,1,0,16.63,9.77,56.43,16.0,346
2014-04-11,8773,0,0,0,0,1,0,0,0,0,0,1,0,0,0,1,0,0,0,0,0,0,1,0,15.13,11.47,43.53,16.0,347
2014-04-11,10584,0,0,0,0,1,0,0,0,0,0,1,0,0,0,0,1,0,0,0,0,0,1,0,21.42,11.97,33.77,16.0,348
2014-04-12,880,0,0,0,0,0,1,0,0,0,0,1,0,0,1,0,0,0,0,0,0,1,0,0,14.03,4.43,69.96,16.0,349
2014-04-12,5283,0,0,0,0,0,1,0,0,0,0,1,0,0,0,1,0,0,0,0,0,0,0,1,12.9,4.1,60.03,16.0,350
2014-04-12,6060,0,0,0,0,0,1,0,0,0,0,1,0,0,0,0,0,1,0,0,0,0,0,1,16.3,15.24,31.9,16.0,351
2014-04-12,14885,0,0,0,0,0,1,0,0,0,0,1,0,0,0,0,1,0,0,0,0,0,1,0,19.47,6.13,26.17,16.0,352
2014-04-13,965,0,0,0,0,0,0,1,0,0,0,1,0,0,1,0,0,0,0,0,0,0,0,1,13.7,5.75,37.88,16.0,353
2014-04-13,4578,0,0,0,0,0,0,1,0,0,0,1,0,0,0,1,0,0,0,0,0,0,1,0,13.35,8.25,70.11,14.47,354
2014-04-13,6567,0,0,0,0,0,0,1,0,0,0,1,0,0,0,0,0,1,0,0,0,0,1,0,21.23,16.55,48.25,16.0,355
2014-04-13,14761,0,0,0,0,0,0,1,0,0,0,1,0,0,0,0,1,0,0,0,0,0,1,0,22.38,14.38,44.75,16.0,356
2014-04-14,581,1,0,0,0,0,0,0,0,1,0,1,0,0,1,0,0,0,0,0,0,0,0,1,17.0,9.88,68.72,16.0,357
2014-04-14,7809,1,0,0,0,0,0,0,0,1,0,1,0,0,0,0,0,1,0,0,0,0,1,0,17.68,16.72,63.15,16.0,358
2014-04-14,9148,1,0,0,0,0,0,0,0,1,0,1,0,0,0,1,0,0,0,0,0,0,1,0,17.42,12.06,68.5,16.0,359
2014-04-14,11294,1,0,0,0,0,0,0,0,1,0,1,0,0,0,0,1,0,0,0,0,0,1,0,21.78,21.32,50.11,16.0,360
2014-04-15,442,0,1,0,0,0,0,0,0,1,0,1,0,0,1,0,0,0,0,0,0,0,1,0,14.36,12.8,83.17,16.0,361
2014-04-15,1457,0,1,0,0,0,0,0,0,1,0,1,0,0,0,0,0,1,1,0,0,0,0,0,6.32,22.13,83.3,9.53,362
2014-04-15,3541,0,1,0,0,0,0,0,0,1,0,1,0,0,0,0,1,0,1,0,0,0,0,0,14.7,20.12,88.98,9.9,363
2014-04-15,5083,0,1,0,0,0,0,0,0,1,0,1,0,0,0,1,0,0,1,0,0,0,0,0,14.92,21.55,90.43,9.45,364
2014-04-16,187,0,0,1,0,0,0,0,0,1,0,1,0,0,1,0,0,0,1,0,0,0,0,0,1.53,18.97,78.92,8.87,365
2014-04-16,5734,0,0,1,0,0,0,0,0,1,0,1,0,0,0,1,0,0,0,0,0,0,0,1,1.3,15.9,46.72,16.0,366
2014-04-16,6817,0,0,1,0,0,0,0,0,1,0,1,0,0,0,0,0,1,0,0,0,0,0,1,6.9,15.53,31.15,16.0,367
2014-04-16,7344,0,0,1,0,0,0,0,0,1,0,1,0,0,0,0,1,0,0,0,0,0,0,1,7.12,13.42,32.13,16.0,368
2014-04-17,417,0,0,0,1,0,0,0,0,1,0,1,0,0,1,0,0,0,0,0,0,0,0,1,3.62,14.64,40.52,16.0,369
2014-04-17,6607,0,0,0,1,0,0,0,0,1,0,1,0,0,0,0,0,1,0,0,0,0,0,1,5.17,10.53,62.3,16.0,370
2014-04-17,7192,0,0,0,1,0,0,0,0,1,0,1,0,0,0,1,0,0,0,0,0,0,0,1,3.52,20.32,51.17,16.0,371
2014-04-17,8066,0,0,0,1,0,0,0,0,1,0,1,0,0,0,0,1,0,0,0,0,1,0,0,7.87,9.6,42.67,16.0,372
2014-04-18,456,0,0,0,0,1,0,0,1,1,0,1,0,0,1,0,0,0,0,0,0,1,0,0,2.9,13.05,64.84,16.0,373
2014-04-18,5081,0,0,0,0,1,0,0,1,1,0,1,0,0,0,0,0,1,0,0,0,0,1,0,6.82,8.55,59.39,16.0,374
2014-04-18,5885,0,0,0,0,1,0,0,1,1,0,1,0,0,0,1,0,0,0,0,0,1,0,0,2.45,12.6,66.35,16.0,375
2014-04-18,9348,0,0,0,0,1,0,0,1,1,0,1,0,0,0,0,1,0,0,0,0,0,1,0,7.72,8.62,50.99,16.0,376
2014-04-19,556,0,0,0,0,0,1,0,0,1,0,1,0,0,1,0,0,0,0,0,0,0,1,0,5.9,5.57,67.22,16.0,377
2014-04-19,4512,0,0,0,0,0,1,0,0,1,0,1,0,0,0,1,0,0,0,0,0,0,1,0,9.6,6.73,54.88,16.0,378
2014-04-19,5805,0,0,0,0,0,1,0,0,1,0,1,0,0,0,0,0,1,0,0,0,0,1,0,16.34,10.88,21.53,16.0,379
2014-04-19,13496,0,0,0,0,0,1,0,0,1,0,1,0,0,0,0,1,0,0,0,0,0,1,0,17.83,12.72,20.14,16.0,380
2014-04-20,760,0,0,0,0,0,0,1,0,1,0,1,0,0,1,0,0,0,0,0,0,0,0,1,11.25,17.3,35.12,16.0,381
2014-04-20,3822,0,0,0,0,0,0,1,0,1,0,1,0,0,0,1,0,0,0,0,0,0,1,0,9.65,15.9,41.73,16.0,382
2014-04-20,3874,0,0,0,0,0,0,1,0,1,0,1,0,0,0,0,0,1,0,0,0,0,0,1,9.37,8.85,38.86,16.0,383
2014-04-20,10008,0,0,0,0,0,0,1,0,1,0,1,0,0,0,0,1,0,0,0,0,0,1,0,12.75,9.28,30.32,16.0,384
2014-04-21,380,1,0,0,0,0,0,0,0,1,0,1,0,0,1,0,0,0,0,0,0,0,0,1,6.88,4.35,45.18,16.0,385
2014-04-21,8060,1,0,0,0,0,0,0,0,1,0,1,0,0,0,1,0,0,0,0,0,0,0,1,6.4,6.27,59.18,16.0,386
2014-04-21,8383,1,0,0,0,0,0,0,0,1,0,1,0,0,0,0,0,1,0,0,0,0,0,1,12.78,10.88,53.39,16.0,387
2014-04-21,10301,1,0,0,0,0,0,0,0,1,0,1,0,0,0,0,1,0,0,0,0,0,0,1,16.8,8.57,26.36,16.0,388
2014-04-22,519,0,1,0,0,0,0,0,0,1,0,1,0,0,1,0,0,0,0,0,0,0,1,0,11.25,6.92,67.32,16.0,389
2014-04-22,7951,0,1,0,0,0,0,0,0,1,0,1,0,0,0,0,0,1,0,0,0,1,0,0,18.05,10.25,60.0,14.15,390
2014-04-22,9336,0,1,0,0,0,0,0,0,1,0,1,0,0,0,1,0,0,0,0,0,0,1,0,13.15,11.27,66.54,16.0,391
2014-04-22,9453,0,1,0,0,0,0,0,0,1,0,1,0,0,0,0,1,0,0,0,0,0,1,0,19.64,13.3,44.16,16.0,392
2014-04-23,583,0,0,1,0,0,0,0,0,0,0,1,0,0,1,0,0,0,0,0,0,1,0,0,13.53,13.77,62.19,16.0,393
2014-04-23,7477,0,0,1,0,0,0,0,0,0,0,1,0,0,0,0,0,1,0,0,0,0,1,0,10.08,30.38,47.15,16.0,394
2014-04-23,9357,0,0,1,0,0,0,0,0,0,0,1,0,0,0,1,0,0,0,0,0,1,0,0,10.28,17.92,54.28,16.0,395
2014-04-23,9532,0,0,1,0,0,0,0,0,0,0,1,0,0,0,0,1,0,0,0,0,1,0,0,12.65,23.13,45.94,16.0,396
2014-04-24,502,0,0,0,1,0,0,0,0,0,0,1,0,0,1,0,0,0,0,0,0,0,0,1,6.72,14.84,50.23,16.0,397
2014-04-24,8588,0,0,0,1,0,0,0,0,0,0,1,0,0,0,0,0,1,0,0,0,0,0,1,13.82,15.93,16.6,16.0,398
2014-04-24,8628,0,0,0,1,0,0,0,0,0,0,1,0,0,0,1,0,0,0,0,0,0,0,1,7.55,23.42,30.56,16.0,399
2014-04-24,10389,0,0,0,1,0,0,0,0,0,0,1,0,0,0,0,1,0,0,0,0,0,0,1,14.67,23.1,15.69,16.0,400
2014-04-25,648,0,0,0,0,1,0,0,0,0,0,1,0,0,1,0,0,0,0,0,0,0,0,1,8.9,10.5,29.64,16.0,401
2014-04-25,6689,0,0,0,0,1,0,0,0,0,0,1,0,0,0,0,0,1,0,0,0,1,0,0,10.53,13.07,54.0,16.0,402
2014-04-25,9117,0,0,0,0,1,0,0,0,0,0,1,0,0,0,1,0,0,0,0,0,0,1,0,10.76,6.34,28.4,16.0,403
2014-04-25,11465,0,0,0,0,1,0,0,0,0,0,1,0,0,0,0,1,0,0,0,0,0,1,0,14.6,13.23,23.96,16.0,404
2014-04-26,330,0,0,0,0,0,1,0,0,0,0,1,0,0,1,0,0,0,1,0,0,0,0,0,8.48,10.08,86.3,8.6,405
2014-04-26,3312,0,0,0,0,0,1,0,0,0,0,1,0,0,0,0,0,1,1,0,0,0,0,0,10.54,8.6,80.81,12.52,406
2014-04-26,4649,0,0,0,0,0,1,0,0,0,0,1,0,0,0,1,0,0,1,0,0,0,0,0,7.8,10.55,88.3,10.95,407
2014-04-26,11608,0,0,0,0,0,1,0,0,0,0,1,0,0,0,0,1,0,0,0,0,0,1,0,16.67,12.2,43.82,16.0,408
2014-04-27,774,0,0,0,0,0,0,1,0,0,0,1,0,0,1,0,0,0,0,0,0,0,0,1,8.83,16.3,58.65,16.0,409
2014-04-27,4460,0,0,0,0,0,0,1,0,0,0,1,0,0,0,1,0,0,0,0,0,0,0,1,8.77,15.7,57.57,16.0,410
2014-04-27,5127,0,0,0,0,0,0,1,0,0,0,1,0,0,0,0,0,1,0,0,0,1,0,0,12.8,10.12,41.98,16.0,411
2014-04-27,11565,0,0,0,0,0,0,1,0,0,0,1,0,0,0,0,1,0,0,0,0,1,0,0,13.33,14.3,38.09,16.0,412
2014-04-28,454,1,0,0,0,0,0,0,0,0,0,1,0,0,1,0,0,0,0,0,0,0,0,1,9.15,11.7,58.77,16.0,413
2014-04-28,8654,1,0,0,0,0,0,0,0,0,0,1,0,0,0,1,0,0,0,0,0,0,0,1,9.92,7.47,54.47,16.0,414
2014-04-28,8701,1,0,0,0,0,0,0,0,0,0,1,0,0,0,0,0,1,0,0,0,0,1,0,14.67,6.88,38.45,16.0,415
2014-04-28,10748,1,0,0,0,0,0,0,0,0,0,1,0,0,0,0,1,0,0,0,0,0,1,0,17.04,8.58,28.91,16.0,416
2014-04-29,486,0,1,0,0,0,0,0,0,0,0,1,0,0,1,0,0,0,0,0,0,0,1,0,10.85,13.97,57.16,16.0,417
2014-04-29,3688,0,1,0,0,0,0,0,0,0,0,1,0,0,0,0,0,1,0,0,0,1,0,0,7.18,21.45,71.89,16.0,418
2014-04-29,5896,0,1,0,0,0,0,0,0,0,0,1,0,0,0,0,1,0,0,0,0,1,0,0,9.18,22.27,61.61,16.0,419
2014-04-29,8334,0,1,0,0,0,0,0,0,0,0,1,0,0,0,1,0,0,0,0,0,1,0,0,9.07,17.78,63.73,16.0,420
2014-04-30,222,0,0,1,0,0,0,0,0,0,0,1,0,0,1,0,0,0,1,0,0,0,0,0,5.53,18.35,82.86,8.53,421
2014-04-30,446,0,0,1,0,0,0,0,0,0,0,1,0,0,0,0,0,1,1,0,0,0,0,0,8.68,14.27,92.65,3.15,422
2014-04-30,704,0,0,1,0,0,0,0,0,0,0,1,0,0,0,0,1,0,1,0,0,0,0,0,7.98,15.0,90.39,3.4,423
2014-04-30,1495,0,0,1,0,0,0,0,0,0,0,1,0,0,0,1,0,0,1,0,0,0,0,0,6.47,18.23,87.66,5.02,424
2014-05-01,175,0,0,0,1,0,0,0,0,0,0,1,0,0,1,0,0,0,1,0,0,0,0,0,11.93,11.4,93.55,5.12,425
2014-05-01,5767,0,0,0,1,0,0,0,0,0,0,1,0,0,0,1,0,0,0,0,0,1,0,0,15.2,5.8,91.62,2.94,426
2014-05-01,9829,0,0,0,1,0,0,0,0,0,0,1,0,0,0,0,0,1,0,0,0,1,0,0,20.65,4.75,54.39,16.0,427
2014-05-01,10991,0,0,0,1,0,0,0,0,0,0,1,0,0,0,0,1,0,0,0,0,0,1,0,22.7,14.7,51.97,16.0,428
2014-05-02,765,0,0,0,0,1,0,0,0,0,0,1,0,0,1,0,0,0,0,0,0,1,0,0,15.28,6.93,69.36,16.0,429
2014-05-02,8628,0,0,0,0,1,0,0,0,0,0,1,0,0,0,0,0,1,0,0,0,0,0,1,16.33,8.7,34.38,16.0,430
2014-05-02,9624,0,0,0,0,1,0,0,0,0,0,1,0,0,0,1,0,0,0,0,0,0,1,0,14.53,2.47,58.82,16.0,431
2014-05-02,13360,0,0,0,0,1,0,0,0,0,0,1,0,0,0,0,1,0,0,0,0,0,1,0,19.3,13.3,29.02,16.0,432
2014-05-03,1080,0,0,0,0,0,1,0,0,0,0,1,0,0,1,0,0,0,0,0,0,0,1,0,14.1,6.8,41.93,16.0,433
2014-05-03,4340,0,0,0,0,0,1,0,0,0,0,1,0,0,0,0,0,1,1,0,0,0,0,0,13.9,8.9,69.91,12.35,434
2014-05-03,6008,0,0,0,0,0,1,0,0,0,0,1,0,0,0,1,0,0,0,0,0,0,0,1,15.25,6.2,42.71,16.0,435
2014-05-03,14073,0,0,0,0,0,1,0,0,0,0,1,0,0,0,0,1,0,0,0,0,1,0,0,18.97,14.07,35.79,16.0,436
2014-05-04,857,0,0,0,0,0,0,1,0,0,0,1,0,0,1,0,0,0,0,0,0,0,1,0,13.27,13.25,70.13,16.0,437
2014-05-04,4232,0,0,0,0,0,0,1,0,0,0,1,0,0,0,1,0,0,0,0,0,1,0,0,14.27,19.47,46.27,16.0,438
2014-05-04,5323,0,0,0,0,0,0,1,0,0,0,1,0,0,0,0,0,1,0,0,0,0,0,1,14.9,24.46,29.06,16.0,439
2014-05-04,10865,0,0,0,0,0,0,1,0,0,0,1,0,0,0,0,1,0,0,0,0,0,1,0,16.55,20.55,34.95,16.0,440
2014-05-05,433,1,0,0,0,0,0,0,0,0,0,1,0,0,1,0,0,0,0,0,0,0,0,1,11.22,16.65,47.4,16.0,441
2014-05-05,9094,1,0,0,0,0,0,0,0,0,0,1,0,0,0,1,0,0,0,0,0,0,0,1,11.82,19.15,49.23,16.0,442
2014-05-05,9471,1,0,0,0,0,0,0,0,0,0,1,0,0,0,0,0,1,0,0,0,0,0,1,16.8,14.43,21.63,16.0,443
2014-05-05,11290,1,0,0,0,0,0,0,0,0,0,1,0,0,0,0,1,0,0,0,0,0,0,1,18.47,18.08,26.97,16.0,444
2014-05-06,613,0,1,0,0,0,0,0,0,0,0,1,0,0,1,0,0,0,0,0,0,0,0,1,12.9,6.96,31.68,16.0,445
2014-05-06,9907,0,1,0,0,0,0,0,0,0,0,1,0,0,0,0,0,1,0,0,0,0,0,1,16.72,11.04,26.18,16.0,446
2014-05-06,10196,0,1,0,0,0,0,0,0,0,0,1,0,0,0,1,0,0,0,0,0,0,1,0,12.88,3.22,42.8,16.0,447
2014-05-06,11517,0,1,0,0,0,0,0,0,0,0,1,0,0,0,0,1,0,0,0,0,0,1,0,19.7,14.74,23.22,16.0,448
2014-05-07,605,0,0,1,0,0,0,0,0,0,0,1,0,0,1,0,0,0,0,0,0,0,0,1,13.23,9.77,32.13,16.0,449
2014-05-07,9272,0,0,1,0,0,0,0,0,0,0,1,0,0,0,0,0,1,0,0,0,0,1,0,15.5,9.97,39.41,16.0,450
2014-05-07,10834,0,0,1,0,0,0,0,0,0,0,1,0,0,0,1,0,0,0,0,0,0,0,1,11.37,8.23,39.33,16.0,451
2014-05-07,12171,0,0,1,0,0,0,0,0,0,0,1,0,0,0,0,1,0,0,0,0,0,1,0,18.55,6.15,25.14,16.0,452
2014-05-08,388,0,0,0,1,0,0,0,0,0,0,1,0,0,1,0,0,0,1,0,0,0,0,0,11.97,2.0,86.3,5.8,453
2014-05-08,2704,0,0,0,1,0,0,0,0,0,0,1,0,0,0,1,0,0,1,0,0,0,0,0,12.23,7.28,91.19,4.97,454
2014-05-08,7086,0,0,0,1,0,0,0,0,0,0,1,0,0,0,0,0,1,0,0,0,1,0,0,12.93,9.2,86.49,10.73,455
2014-05-08,7441,0,0,0,1,0,0,0,0,0,0,1,0,0,0,0,1,0,0,0,0,1,0,0,12.95,9.93,89.57,5.07,456
2014-05-09,649,0,0,0,0,1,0,0,0,0,0,1,0,0,1,0,0,0,0,0,0,1,0,0,12.72,5.45,90.38,5.42,457
2014-05-09,5302,0,0,0,0,1,0,0,0,0,0,1,0,0,0,0,0,1,0,0,0,1,0,0,16.83,5.88,90.71,4.57,458
2014-05-09,7096,0,0,0,0,1,0,0,0,0,0,1,0,0,0,1,0,0,0,0,0,1,0,0,13.53,9.62,90.32,3.82,459
2014-05-09,9594,0,0,0,0,1,0,0,0,0,0,1,0,0,0,0,1,0,0,0,0,1,0,0,15.28,7.55,85.97,5.68,460
2014-05-10,876,0,0,0,0,0,1,0,0,0,0,1,0,0,1,0,0,0,0,0,0,1,0,0,15.16,4.26,92.98,2.32,461
2014-05-10,4719,0,0,0,0,0,1,0,0,0,0,1,0,0,0,0,0,1,0,0,0,0,1,0,20.68,15.85,68.15,16.0,462
2014-05-10,5192,0,0,0,0,0,1,0,0,0,0,1,0,0,0,1,0,0,0,0,0,1,0,0,16.34,6.88,90.5,4.98,463
2014-05-10,11045,0,0,0,0,0,1,0,0,0,0,1,0,0,0,0,1,0,1,0,0,0,0,0,22.9,10.87,68.46,12.57,464
2014-05-11,614,0,0,0,0,0,0,1,0,0,0,1,0,0,1,0,0,0,1,0,0,0,0,0,17.47,9.65,85.24,13.07,465
2014-05-11,5275,0,0,0,0,0,0,1,0,0,0,1,0,0,0,1,0,0,0,0,0,0,0,1,18.58,9.16,41.68,16.0,466
2014-05-11,7695,0,0,0,0,0,0,1,0,0,0,1,0,0,0,0,0,1,0,0,0,0,0,1,24.08,3.97,23.93,16.0,467
2014-05-11,14742,0,0,0,0,0,0,1,0,0,0,1,0,0,0,0,1,0,0,0,0,0,0,1,25.45,13.93,24.86,16.0,468
2014-05-12,617,1,0,0,0,0,0,0,0,0,0,1,0,0,1,0,0,0,0,0,0,0,0,1,20.17,4.68,43.92,16.0,469
2014-05-12,9591,1,0,0,0,0,0,0,0,0,0,1,0,0,0,0,0,1,0,0,0,1,0,0,24.73,4.67,49.76,16.0,470
2014-05-12,10012,1,0,0,0,0,0,0,0,0,0,1,0,0,0,1,0,0,0,0,0,0,1,0,21.8,2.4,45.23,16.0,471
2014-05-12,11424,1,0,0,0,0,0,0,0,0,0,1,0,0,0,0,1,0,0,0,0,0,1,0,27.55,12.6,39.88,16.0,472
2014-05-13,741,0,1,0,0,0,0,0,0,0,0,1,0,0,1,0,0,0,0,0,0,0,0,1,21.64,0.0,66.83,15.56,473
2014-05-13,9636,0,1,0,0,0,0,0,0,0,0,1,0,0,0,0,0,1,0,0,0,0,1,0,16.44,10.88,49.05,16.0,474
2014-05-13,10545,0,1,0,0,0,0,0,0,0,0,1,0,0,0,1,0,0,0,0,0,0,1,0,16.75,22.23,56.32,14.77,475
2014-05-13,11925,0,1,0,0,0,0,0,0,0,0,1,0,0,0,0,1,0,0,0,0,0,1,0,20.05,13.73,38.57,16.0,476
2014-05-14,640,0,0,1,0,0,0,0,0,0,0,1,0,0,1,0,0,0,0,0,0,0,0,1,11.8,10.87,67.09,16.0,477
2014-05-14,8432,0,0,1,0,0,0,0,0,0,0,1,0,0,0,0,0,1,0,0,0,1,0,0,15.52,8.12,81.92,10.57,478
2014-05-14,9890,0,0,1,0,0,0,0,0,0,0,1,0,0,0,1,0,0,0,0,0,1,0,0,12.45,9.8,71.43,16.0,479
2014-05-14,11082,0,0,1,0,0,0,0,0,0,0,1,0,0,0,0,1,0,0,0,0,1,0,0,17.65,8.68,64.82,15.25,480
2014-05-15,468,0,0,0,1,0,0,0,0,0,0,1,0,0,1,0,0,0,1,0,0,0,0,0,14.38,6.66,89.98,3.8,481
2014-05-15,7457,0,0,0,1,0,0,0,0,0,0,1,0,0,0,1,0,0,0,0,0,1,0,0,17.15,11.6,92.1,3.17,482
2014-05-15,8736,0,0,0,1,0,0,0,0,0,0,1,0,0,0,0,0,1,0,0,0,1,0,0,19.05,12.23,87.43,11.72,483
2014-05-15,9396,0,0,0,1,0,0,0,0,0,0,1,0,0,0,0,1,0,0,0,0,1,0,0,20.23,14.95,81.82,10.73,484
2014-05-16,725,0,0,0,0,1,0,0,0,0,0,1,0,0,1,0,0,0,1,0,0,0,0,0,18.18,13.8,91.8,10.4,485
2014-05-16,2989,0,0,0,0,1,0,0,0,0,0,1,0,0,0,0,0,1,1,0,0,0,0,0,18.23,16.37,91.95,6.35,486
2014-05-16,5471,0,0,0,0,1,0,0,0,0,0,1,0,0,0,0,1,0,1,0,0,0,0,0,19.38,30.27,90.66,8.3,487
2014-05-16,8599,0,0,0,0,1,0,0,0,0,0,1,0,0,0,1,0,0,0,0,0,1,0,0,18.92,19.77,88.46,11.33,488
2014-05-17,702,0,0,0,0,0,1,0,0,0,0,1,0,0,1,0,0,0,0,0,0,0,0,1,13.15,9.2,77.14,16.0,489
2014-05-17,6274,0,0,0,0,0,1,0,0,0,0,1,0,0,0,1,0,0,0,0,0,0,0,1,13.8,10.88,66.37,16.0,490
2014-05-17,7588,0,0,0,0,0,1,0,0,0,0,1,0,0,0,0,0,1,0,0,0,0,1,0,18.4,11.53,35.23,16.0,491
2014-05-17,15348,0,0,0,0,0,1,0,0,0,0,1,0,0,0,0,1,0,0,0,0,0,1,0,19.95,12.2,35.23,16.0,492
2014-05-18,1289,0,0,0,0,0,0,1,0,0,0,1,0,0,1,0,0,0,0,0,0,0,0,1,13.2,4.66,54.67,16.0,493
2014-05-18,5235,0,0,0,0,0,0,1,0,0,0,1,0,0,0,1,0,0,0,0,0,0,0,1,13.52,11.48,46.74,16.0,494
2014-05-18,6706,0,0,0,0,0,0,1,0,0,0,1,0,0,0,0,0,1,0,0,0,0,0,1,15.47,13.27,34.66,16.0,495
2014-05-18,14206,0,0,0,0,0,0,1,0,0,0,1,0,0,0,0,1,0,0,0,0,1,0,0,17.73,15.3,33.14,16.0,496
2014-05-19,575,1,0,0,0,0,0,0,0,0,0,1,0,0,1,0,0,0,0,0,0,0,0,1,12.13,6.57,39.7,16.0,497
2014-05-19,9530,1,0,0,0,0,0,0,0,0,0,1,0,0,0,0,0,1,0,0,0,0,0,1,18.0,13.6,36.21,16.0,498
2014-05-19,9923,1,0,0,0,0,0,0,0,0,0,1,0,0,0,1,0,0,0,0,0,0,0,1,13.4,10.33,42.19,16.0,499
2014-05-19,11664,1,0,0,0,0,0,0,0,0,0,1,0,0,0,0,1,0,0,0,0,0,1,0,20.26,15.06,26.71,16.0,500
2014-05-20,650,0,1,0,0,0,0,0,0,0,0,1,0,0,1,0,0,0,0,0,0,0,0,1,14.4,9.35,50.3,16.0,501
2014-05-20,10761,0,1,0,0,0,0,0,0,0,0,1,0,0,0,0,0,1,0,0,0,0,1,0,22.77,8.67,25.07,16.0,502
2014-05-20,11122,0,1,0,0,0,0,0,0,0,0,1,0,0,0,1,0,0,0,0,0,0,0,1,16.6,6.62,45.12,16.0,503
2014-05-20,13034,0,1,0,0,0,0,0,0,0,0,1,0,0,0,0,1,0,0,0,0,0,1,0,24.77,15.1,20.26,16.0,504
2014-05-21,826,0,0,1,0,0,0,0,0,0,0,1,0,0,1,0,0,0,0,0,0,1,0,0,19.3,11.58,44.03,16.0,505
2014-05-21,10310,0,0,1,0,0,0,0,0,0,0,1,0,0,0,0,0,1,0,0,0,1,0,0,20.52,6.16,49.5,16.0,506
2014-05-21,11038,0,0,1,0,0,0,0,0,0,0,1,0,0,0,1,0,0,0,0,0,0,1,0,20.2,1.5,44.16,16.0,507
2014-05-21,12246,0,0,1,0,0,0,0,0,0,0,1,0,0,0,0,1,0,0,0,0,0,1,0,22.38,5.98,41.17,16.0,508
2014-05-22,675,0,0,0,1,0,0,0,0,0,0,1,0,0,1,0,0,0,0,0,0,1,0,0,18.67,5.7,68.82,15.0,509
2014-05-22,5583,0,0,0,1,0,0,0,0,0,0,1,0,0,0,0,0,1,0,0,0,1,0,0,15.96,5.66,85.04,6.8,510
2014-05-22,8266,0,0,0,1,0,0,0,0,0,0,1,0,0,0,1,0,0,0,0,0,1,0,0,16.1,7.48,88.68,4.7,511
2014-05-22,10011,0,0,0,1,0,0,0,0,0,0,1,0,0,0,0,1,0,0,0,0,1,0,0,16.23,8.25,83.46,7.47,512
2014-05-23,710,0,0,0,0,1,0,0,0,0,0,1,0,0,1,0,0,0,0,0,0,1,0,0,15.2,6.35,88.95,5.08,513
2014-05-23,3473,0,0,0,0,1,0,0,0,0,0,1,0,0,0,0,0,1,1,0,0,0,0,0,14.92,9.58,88.7,6.82,514
2014-05-23,9182,0,0,0,0,1,0,0,0,0,0,1,0,0,0,1,0,0,0,0,0,1,0,0,15.77,6.75,83.7,7.45,515
2014-05-23,11119,0,0,0,0,1,0,0,0,0,0,1,0,0,0,0,1,0,0,0,0,1,0,0,19.0,9.07,66.57,15.0,516
2014-05-24,314,0,0,0,0,0,1,0,0,0,0,1,0,0,1,0,0,0,1,0,0,0,0,0,13.93,9.43,92.16,9.47,517
2014-05-24,3208,0,0,0,0,0,1,0,0,0,0,1,0,0,0,0,0,1,1,0,0,0,0,0,15.48,3.25,87.56,10.5,518
2014-05-24,4351,0,0,0,0,0,1,0,0,0,0,1,0,0,0,1,0,0,0,0,0,1,0,0,14.54,9.18,82.95,15.12,519
2014-05-24,8925,0,0,0,0,0,1,0,0,0,0,1,0,0,0,0,1,0,0,0,0,1,0,0,19.77,6.63,58.14,16.0,520
2014-05-25,788,0,0,0,0,0,0,1,0,0,0,1,0,0,1,0,0,0,0,0,0,0,0,1,13.57,3.37,91.79,10.47,521
2014-05-25,4617,0,0,0,0,0,0,1,0,0,0,1,0,0,0,1,0,0,0,0,0,0,0,1,16.3,6.73,74.55,15.38,522
2014-05-25,7274,0,0,0,0,0,0,1,0,0,0,1,0,0,0,0,0,1,0,0,0,0,0,1,21.03,3.43,52.02,16.0,523
2014-05-25,12958,0,0,0,0,0,0,1,0,0,0,1,0,0,0,0,1,0,0,0,0,0,0,1,25.28,4.94,30.96,16.0,524
2014-05-26,990,1,0,0,0,0,0,0,1,1,0,1,0,0,1,0,0,0,0,0,0,0,0,1,20.4,1.8,46.96,16.0,525
2014-05-26,4934,1,0,0,0,0,0,0,1,1,0,1,0,0,0,1,0,0,0,0,0,0,1,0,21.3,9.28,42.96,16.0,526
2014-05-26,7763,1,0,0,0,0,0,0,1,1,0,1,0,0,0,0,0,1,0,0,0,0,1,0,27.33,14.15,33.56,16.0,527
2014-05-26,13243,1,0,0,0,0,0,0,1,1,0,1,0,0,0,0,1,0,0,0,0,0,1,0,28.78,19.08,26.93,16.0,528
2014-05-27,774,0,1,0,0,0,0,0,0,0,0,1,0,0,1,0,0,0,0,0,0,0,1,0,24.1,6.96,43.37,16.0,529
2014-05-27,10137,0,1,0,0,0,0,0,0,0,0,1,0,0,0,0,0,1,0,0,0,0,1,0,26.55,12.73,52.34,15.38,530
2014-05-27,10250,0,1,0,0,0,0,0,0,0,0,1,0,0,0,1,0,0,0,0,0,0,1,0,24.13,4.55,46.65,16.0,531
2014-05-27,11775,0,1,0,0,0,0,0,0,0,0,1,0,0,0,0,1,0,0,0,0,0,1,0,28.7,8.4,40.09,16.0,532
2014-05-28,724,0,0,1,0,0,0,0,0,0,0,1,0,0,1,0,0,0,0,0,0,0,1,0,18.3,14.57,73.59,15.27,533
2014-05-28,8393,0,0,1,0,0,0,0,0,0,0,1,0,0,0,0,0,1,0,0,0,1,0,0,13.37,16.05,70.51,16.0,534
2014-05-28,9846,0,0,1,0,0,0,0,0,0,0,1,0,0,0,1,0,0,0,0,0,1,0,0,13.73,15.28,83.19,13.58,535
2014-05-28,10727,0,0,1,0,0,0,0,0,0,0,1,0,0,0,0,1,0,0,0,0,1,0,0,14.33,14.02,72.36,16.0,536
2014-05-29,623,0,0,0,1,0,0,0,0,0,0,1,0,0,1,0,0,0,0,0,0,1,0,0,11.8,13.47,69.54,16.0,537
2014-05-29,9981,0,0,0,1,0,0,0,0,0,0,1,0,0,0,0,0,1,0,0,0,1,0,0,13.96,5.48,55.03,16.0,538
2014-05-29,10751,0,0,0,1,0,0,0,0,0,0,1,0,0,0,1,0,0,0,0,0,0,1,0,11.5,11.7,64.82,16.0,539
2014-05-29,12534,0,0,0,1,0,0,0,0,0,0,1,0,0,0,0,1,0,0,0,0,0,1,0,16.82,13.4,53.25,16.0,540
2014-05-30,750,0,0,0,0,1,0,0,0,0,0,1,0,0,1,0,0,0,0,0,0,1,0,0,13.83,1.48,52.84,16.0,541
2014-05-30,8700,0,0,0,0,1,0,0,0,0,0,1,0,0,0,0,0,1,0,0,0,0,1,0,20.3,10.13,55.3,16.0,542
2014-05-30,10733,0,0,0,0,1,0,0,0,0,0,1,0,0,0,1,0,0,0,0,0,0,1,0,15.65,3.05,52.32,15.25,543
2014-05-30,14160,0,0,0,0,1,0,0,0,0,0,1,0,0,0,0,1,0,0,0,0,0,1,0,22.2,3.33,42.91,16.0,544
2014-05-31,1121,0,0,0,0,0,1,0,0,0,0,1,0,0,1,0,0,0,0,0,0,0,0,1,15.52,10.83,66.45,16.0,545
2014-05-31,6093,0,0,0,0,0,1,0,0,0,0,1,0,0,0,1,0,0,0,0,0,0,0,1,17.22,17.37,54.87,16.0,546
2014-05-31,7315,0,0,0,0,0,1,0,0,0,0,1,0,0,0,0,0,1,0,0,0,0,1,0,18.15,9.55,60.5,16.0,547
2014-05-31,13205,0,0,0,0,0,1,0,0,0,0,1,0,0,0,0,1,0,0,0,0,0,1,0,20.8,17.78,42.75,16.0,548
2014-06-01,1093,0,0,0,0,0,0,1,0,0,0,0,1,0,1,0,0,0,0,0,0,0,0,1,13.9,5.97,61.33,16.0,549
2014-06-01,5621,0,0,0,0,0,0,1,0,0,0,0,1,0,0,1,0,0,0,0,0,0,0,1,16.68,6.23,51.58,16.0,550
2014-06-01,8246,0,0,0,0,0,0,1,0,0,0,0,1,0,0,0,0,1,0,0,0,0,0,1,19.43,10.85,30.56,16.0,551
2014-06-01,16373,0,0,0,0,0,0,1,0,0,0,0,1,0,0,0,1,0,0,0,0,0,1,0,23.9,9.72,23.97,16.0,552
2014-06-02,624,1,0,0,0,0,0,0,0,0,0,0,1,0,1,0,0,0,0,0,0,0,0,1,17.28,10.5,40.86,16.0,553
2014-06-02,10279,1,0,0,0,0,0,0,0,0,0,0,1,0,0,1,0,0,0,0,0,0,0,1,18.95,6.63,47.2,16.0,554
2014-06-02,11191,1,0,0,0,0,0,0,0,0,0,0,1,0,0,0,0,1,0,0,0,0,0,1,24.67,10.12,46.05,16.0,555
2014-06-02,12425,1,0,0,0,0,0,0,0,0,0,0,1,0,0,0,1,0,0,0,0,0,0,1,25.32,12.23,37.8,16.0,556
2014-06-03,686,0,1,0,0,0,0,0,0,0,0,0,1,0,1,0,0,0,0,0,0,0,0,1,21.27,10.25,55.18,16.0,557
2014-06-03,5348,0,1,0,0,0,0,0,0,0,0,0,1,0,0,0,0,1,0,0,0,0,1,0,20.93,7.1,88.08,10.1,558
2014-06-03,11701,0,1,0,0,0,0,0,0,0,0,0,1,0,0,0,1,0,0,0,0,0,0,1,28.68,12.62,47.25,14.88,559
2014-06-03,11766,0,1,0,0,0,0,0,0,0,0,0,1,0,0,1,0,0,0,0,0,0,0,1,22.95,4.93,57.2,15.25,560
2014-06-04,777,0,0,1,0,0,0,0,0,0,0,0,1,0,1,0,0,0,0,0,0,0,1,0,18.48,3.47,87.33,10.15,561
2014-06-04,11246,0,0,1,0,0,0,0,0,0,0,0,1,0,0,0,0,1,0,0,0,1,0,0,22.52,6.45,67.12,13.8,562
2014-06-04,11316,0,0,1,0,0,0,0,0,0,0,0,1,0,0,1,0,0,0,0,0,0,1,0,20.18,10.93,76.52,11.3,563
2014-06-04,12729,0,0,1,0,0,0,0,0,0,0,0,1,0,0,0,1,0,0,0,0,0,1,0,25.56,5.04,55.17,15.56,564
2014-06-05,538,0,0,0,1,0,0,0,0,1,0,0,1,0,1,0,0,0,1,0,0,0,0,0,18.43,8.22,89.98,7.27,565
2014-06-05,2405,0,0,0,1,0,0,0,0,1,0,0,1,0,0,1,0,0,1,0,0,0,0,0,17.33,14.1,91.31,3.35,566
2014-06-05,10760,0,0,0,1,0,0,0,0,1,0,0,1,0,0,0,0,1,0,0,0,0,0,1,21.97,14.7,42.24,16.0,567
2014-06-05,10916,0,0,0,1,0,0,0,0,1,0,0,1,0,0,0,1,0,0,0,0,0,1,0,22.8,13.17,56.45,16.0,568
2014-06-06,1034,0,0,0,0,1,0,0,0,0,0,0,1,0,1,0,0,0,0,0,0,1,0,0,17.78,12.07,53.87,16.0,569
2014-06-06,9984,0,0,0,0,1,0,0,0,0,0,0,1,0,0,0,0,1,0,0,0,0,0,1,21.03,9.93,47.45,16.0,570
2014-06-06,11465,0,0,0,0,1,0,0,0,0,0,0,1,0,0,1,0,0,0,0,0,0,0,1,16.5,13.8,59.71,16.0,571
2014-06-06,15236,0,0,0,0,1,0,0,0,0,0,0,1,0,0,0,1,0,0,0,0,0,1,0,22.44,8.12,42.72,16.0,572
2014-06-07,1357,0,0,0,0,0,1,0,0,0,0,0,1,0,1,0,0,0,0,0,0,0,0,1,18.38,5.92,58.32,16.0,573
2014-06-07,6479,0,0,0,0,0,1,0,0,0,0,0,1,0,0,1,0,0,0,0,0,0,0,1,18.9,5.48,59.76,16.0,574
2014-06-07,8294,0,0,0,0,0,1,0,0,0,0,0,1,0,0,0,0,1,0,0,0,0,0,1,25.06,6.52,40.16,16.0,575
2014-06-07,15074,0,0,0,0,0,1,0,0,0,0,0,1,0,0,0,1,0,0,0,0,0,0,1,25.77,5.2,38.48,16.0,576
2014-06-08,1622,0,0,0,0,0,0,1,0,0,0,0,1,0,1,0,0,0,0,0,0,0,0,1,21.2,3.73,57.14,16.0,577
2014-06-08,5650,0,0,0,0,0,0,1,0,0,0,0,1,0,0,1,0,0,0,0,0,0,0,1,20.63,0.67,63.27,16.0,578
2014-06-08,7929,0,0,0,0,0,0,1,0,0,0,0,1,0,0,0,0,1,0,0,0,0,1,0,23.87,13.23,45.62,16.0,579
2014-06-08,14961,0,0,0,0,0,0,1,0,0,0,0,1,0,0,0,1,0,0,0,0,0,1,0,28.58,8.22,33.01,16.0,580
2014-06-09,509,1,0,0,0,0,0,0,0,0,0,0,1,0,1,0,0,0,0,0,0,0,1,0,22.6,9.7,46.42,16.0,581
2014-06-09,1489,1,0,0,0,0,0,0,0,0,0,0,1,0,0,1,0,0,1,0,0,0,0,0,17.15,8.1,92.27,3.28,582
2014-06-09,8108,1,0,0,0,0,0,0,0,0,0,0,1,0,0,0,0,1,0,0,0,1,0,0,18.38,11.55,90.17,7.07,583
2014-06-09,8505,1,0,0,0,0,0,0,0,0,0,0,1,0,0,0,1,0,0,0,0,1,0,0,19.63,7.45,89.08,6.33,584
2014-06-10,629,0,1,0,0,0,0,0,0,0,0,0,1,0,1,0,0,0,0,0,0,1,0,0,18.22,5.9,90.94,8.13,585
2014-06-10,10265,0,1,0,0,0,0,0,0,0,0,0,1,0,0,1,0,0,0,0,0,1,0,0,19.46,5.36,88.86,4.66,586
2014-06-10,10705,0,1,0,0,0,0,0,0,0,0,0,1,0,0,0,0,1,0,0,0,0,1,0,21.73,7.07,83.47,12.27,587
2014-06-10,11836,0,1,0,0,0,0,0,0,0,0,0,1,0,0,0,1,0,0,0,0,1,0,0,22.57,9.25,78.35,11.63,588
2014-06-11,667,0,0,1,0,0,0,0,0,0,0,0,1,0,1,0,0,0,0,0,0,1,0,0,19.58,15.55,86.05,13.77,589
2014-06-11,8353,0,0,1,0,0,0,0,0,0,0,0,1,0,0,1,0,0,0,0,0,1,0,0,16.73,13.1,82.76,12.57,590
2014-06-11,10208,0,0,1,0,0,0,0,0,0,0,0,1,0,0,0,0,1,0,0,0,1,0,0,18.28,11.63,73.77,16.0,591
2014-06-11,11320,0,0,1,0,0,0,0,0,0,0,0,1,0,0,0,1,0,0,0,0,1,0,0,19.25,11.9,70.67,16.0,592
2014-06-12,717,0,0,0,1,0,0,0,0,0,0,0,1,0,1,0,0,0,0,0,0,1,0,0,16.27,10.72,83.67,12.93,593
2014-06-12,8448,0,0,0,1,0,0,0,0,0,0,0,1,0,0,1,0,0,0,0,0,1,0,0,16.1,8.98,91.08,5.5,594
2014-06-12,9122,0,0,0,1,0,0,0,0,0,0,0,1,0,0,0,0,1,0,0,0,1,0,0,21.5,10.86,83.99,13.78,595
2014-06-12,10797,0,0,0,1,0,0,0,0,0,0,0,1,0,0,0,1,0,0,0,0,1,0,0,19.33,11.07,82.23,10.35,596
2014-06-13,480,0,0,0,0,1,0,0,0,0,0,0,1,0,1,0,0,0,1,0,0,0,0,0,18.76,8.04,94.36,3.16,597
2014-06-13,2352,0,0,0,0,1,0,0,0,0,0,0,1,0,0,0,0,1,1,0,0,0,0,0,20.53,5.43,90.31,7.37,598
2014-06-13,3975,0,0,0,0,1,0,0,0,0,0,0,1,0,0,1,0,0,1,0,0,0,0,0,17.92,8.98,94.64,3.46,599
2014-06-13,11501,0,0,0,0,1,0,0,0,0,0,0,1,0,0,0,1,0,0,0,0,0,1,0,24.07,9.4,74.41,13.3,600
2014-06-14,960,0,0,0,0,0,1,0,0,0,0,0,1,0,1,0,0,0,0,0,0,1,0,0,20.28,4.54,90.75,6.74,601
2014-06-14,6271,0,0,0,0,0,1,0,0,0,0,0,1,0,0,1,0,0,0,0,0,0,1,0,20.64,9.46,73.81,16.0,602
2014-06-14,6683,0,0,0,0,0,1,0,0,0,0,0,1,0,0,0,0,1,0,0,0,0,0,1,16.9,13.2,54.84,16.0,603
2014-06-14,14503,0,0,0,0,0,1,0,0,0,0,0,1,0,0,0,1,0,0,0,0,0,1,0,22.08,18.68,49.16,16.0,604
2014-06-15,1098,0,0,0,0,0,0,1,0,0,0,0,1,0,1,0,0,0,0,0,0,0,0,1,15.98,8.38,66.51,16.0,605
2014-06-15,5305,0,0,0,0,0,0,1,0,0,0,0,1,0,0,1,0,0,0,0,0,0,0,1,17.68,10.94,61.68,16.0,606
2014-06-15,8002,0,0,0,0,0,0,1,0,0,0,0,1,0,0,0,0,1,0,0,0,0,0,1,23.1,7.5,48.5,16.0,607
2014-06-15,13977,0,0,0,0,0,0,1,0,0,0,0,1,0,0,0,1,0,0,0,0,0,0,1,24.34,12.8,43.53,16.0,608
2014-06-16,708,1,0,0,0,0,0,0,0,0,0,0,1,0,1,0,0,0,0,0,0,0,0,1,19.75,0.23,65.51,16.0,609
2014-06-16,10165,1,0,0,0,0,0,0,0,0,0,0,1,0,0,1,0,0,0,0,0,0,1,0,20.63,4.4,66.03,16.0,610
2014-06-16,11101,1,0,0,0,0,0,0,0,0,0,0,1,0,0,0,0,1,0,0,0,0,0,1,22.5,14.37,53.72,16.0,611
2014-06-16,12958,1,0,0,0,0,0,0,0,0,0,0,1,0,0,0,1,0,0,0,0,0,0,1,26.05,9.73,42.12,16.0,612
2014-06-17,758,0,1,0,0,0,0,0,0,0,0,0,1,0,1,0,0,0,0,0,0,0,1,0,21.9,6.5,66.68,16.0,613
2014-06-17,11016,0,1,0,0,0,0,0,0,0,0,0,1,0,0,0,0,1,0,0,0,0,0,1,28.04,8.74,57.14,14.82,614
2014-06-17,11219,0,1,0,0,0,0,0,0,0,0,0,1,0,0,1,0,0,0,0,0,0,1,0,23.44,6.56,65.82,14.08,615
2014-06-17,12104,0,1,0,0,0,0,0,0,0,0,0,1,0,0,0,1,0,0,0,0,0,1,0,29.9,7.44,49.6,14.36,616
2014-06-18,828,0,0,1,0,0,0,0,0,0,0,0,1,0,1,0,0,0,0,0,0,0,0,1,27.3,16.18,61.42,14.77,617
2014-06-18,11240,0,0,1,0,0,0,0,0,0,0,0,1,0,0,1,0,0,0,0,0,0,1,0,27.7,20.3,52.41,15.5,618
2014-06-18,11720,0,0,1,0,0,0,0,0,0,0,0,1,0,0,0,1,0,0,0,0,0,1,0,30.12,13.93,41.68,16.0,619
2014-06-18,11743,0,0,1,0,0,0,0,0,0,0,0,1,0,0,0,0,1,0,0,0,0,0,1,28.23,6.97,43.48,16.0,620
2014-06-19,932,0,0,0,1,0,0,0,1,0,0,0,1,0,1,0,0,0,0,0,0,1,0,0,23.7,2.25,64.37,16.0,621
2014-06-19,10066,0,0,0,1,0,0,0,1,0,0,0,1,0,0,1,0,0,0,0,0,1,0,0,21.4,12.93,72.73,16.0,622
2014-06-19,10351,0,0,0,1,0,0,0,1,0,0,0,1,0,0,0,1,0,0,0,0,1,0,0,22.83,5.93,70.09,16.0,623
2014-06-19,10375,0,0,0,1,0,0,0,1,0,0,0,1,0,0,0,0,1,0,0,0,0,0,1,23.82,7.63,68.85,15.08,624
2014-06-20,1013,0,0,0,0,1,0,0,0,0,0,0,1,0,1,0,0,0,0,0,0,0,0,1,20.2,8.43,61.43,15.63,625
2014-06-20,9137,0,0,0,0,1,0,0,0,0,0,0,1,0,0,0,0,1,0,0,0,0,1,0,24.18,9.53,30.48,16.0,626
2014-06-20,10648,0,0,0,0,1,0,0,0,0,0,0,1,0,0,1,0,0,0,0,0,0,0,1,18.77,6.77,51.4,16.0,627
2014-06-20,13607,0,0,0,0,1,0,0,0,0,0,0,1,0,0,0,1,0,0,0,0,0,1,0,25.42,11.48,30.42,16.0,628
2014-06-21,1275,0,0,0,0,0,1,0,0,0,0,0,1,0,1,0,0,0,0,0,0,0,0,1,18.3,17.53,51.22,16.0,629
2014-06-21,6405,0,0,0,0,0,1,0,0,0,0,0,1,0,0,1,0,0,0,0,0,0,0,1,18.87,11.67,52.51,16.0,630
2014-06-21,8217,0,0,0,0,0,1,0,0,0,0,0,1,0,0,0,0,1,0,0,0,0,0,1,21.12,7.84,47.43,16.0,631
2014-06-21,14391,0,0,0,0,0,1,0,0,0,0,0,1,0,0,0,1,0,0,0,0,0,1,0,23.85,8.75,38.92,16.0,632
2014-06-22,1471,0,0,0,0,0,0,1,0,0,0,0,1,0,1,0,0,0,0,0,0,0,0,1,18.63,1.3,68.73,16.0,633
2014-06-22,5305,0,0,0,0,0,0,1,0,0,0,0,1,0,0,1,0,0,0,0,0,1,0,0,18.67,6.73,75.41,16.0,634
2014-06-22,7629,0,0,0,0,0,0,1,0,0,0,0,1,0,0,0,0,1,0,0,0,0,0,1,21.84,5.92,49.46,16.0,635
2014-06-22,15012,0,0,0,0,0,0,1,0,0,0,0,1,0,0,0,1,0,0,0,0,0,1,0,24.16,5.5,44.26,16.0,636
2014-06-23,689,1,0,0,0,0,0,0,0,0,0,0,1,0,1,0,0,0,0,0,0,0,0,1,19.83,4.78,62.3,16.0,637
2014-06-23,9842,1,0,0,0,0,0,0,0,0,0,0,1,0,0,1,0,0,0,0,0,0,0,1,21.9,3.07,58.67,16.0,638
2014-06-23,10792,1,0,0,0,0,0,0,0,0,0,0,1,0,0,0,0,1,0,0,0,0,1,0,22.86,12.66,54.53,16.0,639
2014-06-23,11257,1,0,0,0,0,0,0,0,0,0,0,1,0,0,0,1,0,0,0,0,0,1,0,25.47,15.12,46.82,16.0,640
2014-06-24,777,0,1,0,0,0,0,0,0,0,0,0,1,0,1,0,0,0,0,0,0,0,1,0,20.9,9.28,63.8,16.0,641
2014-06-24,11447,0,1,0,0,0,0,0,0,0,0,0,1,0,0,1,0,0,0,0,0,0,1,0,21.85,9.55,64.09,16.0,642
2014-06-24,11581,0,1,0,0,0,0,0,0,0,0,0,1,0,0,0,0,1,0,0,0,0,0,1,22.93,17.72,61.64,16.0,643
2014-06-24,12092,0,1,0,0,0,0,0,0,0,0,0,1,0,0,0,1,0,0,0,0,0,1,0,26.2,10.87,52.87,16.0,644
2014-06-25,807,0,0,1,0,0,0,0,0,0,0,0,1,0,1,0,0,0,0,0,0,0,0,1,21.9,9.63,67.75,16.0,645
2014-06-25,10563,0,0,1,0,0,0,0,0,0,0,0,1,0,0,0,0,1,0,0,0,0,1,0,24.94,12.52,78.25,14.22,646
2014-06-25,11033,0,0,1,0,0,0,0,0,0,0,0,1,0,0,1,0,0,0,0,0,1,0,0,22.52,9.38,84.14,12.94,647
2014-06-25,11937,0,0,1,0,0,0,0,0,0,0,0,1,0,0,0,1,0,0,0,0,0,1,0,27.65,14.55,66.24,15.13,648
2014-06-26,560,0,0,0,1,0,0,0,0,0,0,0,1,0,1,0,0,0,1,0,0,0,0,0,22.13,6.58,91.74,11.95,649
2014-06-26,11029,0,0,0,1,0,0,0,0,0,0,0,1,0,0,0,0,1,0,0,0,0,1,0,26.86,11.24,56.37,16.0,650
2014-06-26,11252,0,0,0,1,0,0,0,0,0,0,0,1,0,0,1,0,0,0,0,0,0,1,0,23.8,6.28,77.17,14.53,651
2014-06-26,12005,0,0,0,1,0,0,0,0,0,0,0,1,0,0,0,1,0,0,0,0,0,1,0,27.92,7.17,57.32,16.0,652
2014-06-27,1133,0,0,0,0,1,0,0,0,1,0,0,1,0,1,0,0,0,0,0,0,1,0,0,21.45,8.88,77.25,16.0,653
2014-06-27,9710,0,0,0,0,1,0,0,0,1,0,0,1,0,0,0,0,1,0,0,0,0,0,1,22.56,10.42,56.7,16.0,654
2014-06-27,10502,0,0,0,0,1,0,0,0,1,0,0,1,0,0,1,0,0,0,0,0,0,1,0,23.0,8.97,63.37,16.0,655
2014-06-27,14478,0,0,0,0,1,0,0,0,1,0,0,1,0,0,0,1,0,0,0,0,0,1,0,26.43,7.15,47.88,16.0,656
2014-06-28,1466,0,0,0,0,0,1,0,0,1,0,0,1,0,1,0,0,0,0,0,0,0,0,1,20.25,2.75,63.78,16.0,657
2014-06-28,6243,0,0,0,0,0,1,0,0,1,0,0,1,0,0,1,0,0,0,0,0,0,0,1,22.7,5.62,55.25,16.0,658
2014-06-28,7877,0,0,0,0,0,1,0,0,1,0,0,1,0,0,0,0,1,0,0,0,0,1,0,23.64,8.68,52.93,16.0,659
2014-06-28,12921,0,0,0,0,0,1,0,0,1,0,0,1,0,0,0,1,0,0,0,0,0,1,0,28.9,7.62,32.74,16.0,660
2014-06-29,1566,0,0,0,0,0,0,1,0,1,0,0,1,0,1,0,0,0,0,0,0,0,0,1,21.44,5.94,54.65,16.0,661
2014-06-29,5385,0,0,0,0,0,0,1,0,1,0,0,1,0,0,1,0,0,0,0,0,0,1,0,23.43,3.88,57.04,16.0,662
2014-06-29,8150,0,0,0,0,0,0,1,0,1,0,0,1,0,0,0,0,1,0,0,0,0,0,1,22.97,6.27,45.35,16.0,663
2014-06-29,12885,0,0,0,0,0,0,1,0,1,0,0,1,0,0,0,1,0,0,0,0,0,1,0,26.75,13.88,47.17,16.0,664
2014-06-30,790,1,0,0,0,0,0,0,0,1,0,0,1,0,1,0,0,0,0,0,0,0,0,1,21.42,6.42,60.56,16.0,665
2014-06-30,9858,1,0,0,0,0,0,0,0,1,0,0,1,0,0,1,0,0,0,0,0,0,1,0,23.38,8.04,69.85,16.0,666
2014-06-30,11458,1,0,0,0,0,0,0,0,1,0,0,1,0,0,0,1,0,0,0,0,0,1,0,28.0,15.8,51.73,16.0,667
2014-06-30,11491,1,0,0,0,0,0,0,0,1,0,0,1,0,0,0,0,1,0,0,0,0,0,1,24.95,7.95,65.86,16.0,668
2014-07-01,799,0,1,0,0,0,0,0,0,1,0,0,1,0,1,0,0,0,0,0,0,0,0,1,23.53,10.47,69.55,16.0,669
2014-07-01,10956,0,1,0,0,0,0,0,0,1,0,0,1,0,0,1,0,0,0,0,0,0,1,0,23.13,9.83,77.48,16.0,670
2014-07-01,11250,0,1,0,0,0,0,0,0,1,0,0,1,0,0,0,1,0,0,0,0,0,1,0,30.0,13.42,58.24,16.0,671
2014-07-01,11849,0,1,0,0,0,0,0,0,1,0,0,1,0,0,0,0,1,0,0,0,0,1,0,28.08,12.9,61.47,16.0,672
2014-07-02,879,0,0,1,0,0,0,0,0,1,0,0,1,0,1,0,0,0,0,0,0,0,0,1,25.76,10.76,65.75,16.0,673
2014-07-02,3796,0,0,1,0,0,0,0,0,1,0,0,1,0,0,0,0,1,1,0,0,0,0,0,23.55,9.75,90.53,7.27,674
2014-07-02,10492,0,0,1,0,0,0,0,0,1,0,0,1,0,0,1,0,0,0,0,0,0,0,1,27.33,3.6,70.3,15.25,675
2014-07-02,11415,0,0,1,0,0,0,0,0,1,0,0,1,0,0,0,1,0,0,0,0,0,0,1,31.25,17.23,57.51,14.5,676
2014-07-03,646,0,0,0,1,0,0,0,0,1,0,0,1,0,1,0,0,0,0,0,0,0,1,0,23.1,2.38,89.93,11.6,677
2014-07-03,4373,0,0,0,1,0,0,0,0,1,0,0,1,0,0,0,0,1,1,0,0,0,0,0,21.97,10.2,90.51,5.93,678
2014-07-03,9328,0,0,0,1,0,0,0,0,1,0,0,1,0,0,1,0,0,0,0,0,0,1,0,25.1,1.48,84.85,10.6,679
2014-07-03,13240,0,0,0,1,0,0,0,0,1,0,0,1,0,0,0,1,0,0,0,0,0,1,0,29.33,11.17,66.74,12.93,680
2014-07-04,810,0,0,0,0,1,0,0,1,1,0,0,1,0,1,0,0,0,0,0,0,1,0,0,21.8,1.4,92.77,8.27,681
2014-07-04,3221,0,0,0,0,1,0,0,1,1,0,0,1,0,0,0,1,0,1,0,0,0,0,0,19.68,14.96,84.74,11.38,682
2014-07-04,3998,0,0,0,0,1,0,0,1,1,0,0,1,0,0,1,0,0,0,0,0,1,0,0,21.77,9.3,86.28,12.1,683
2014-07-04,5583,0,0,0,0,1,0,0,1,1,0,0,1,0,0,0,0,1,0,0,0,0,0,1,20.55,18.55,55.3,16.0,684
2014-07-05,926,0,0,0,0,0,1,0,0,1,0,0,1,0,1,0,0,0,0,0,0,0,0,1,18.67,16.85,55.08,16.0,685
2014-07-05,4371,0,0,0,0,0,1,0,0,1,0,0,1,0,0,1,0,0,0,0,0,0,0,1,19.65,16.3,52.72,16.0,686
2014-07-05,6840,0,0,0,0,0,1,0,0,1,0,0,1,0,0,0,0,1,0,0,0,0,0,1,25.62,14.03,35.49,16.0,687
2014-07-05,10776,0,0,0,0,0,1,0,0,1,0,0,1,0,0,0,1,0,0,0,0,0,1,0,25.23,14.8,36.5,16.0,688
2014-07-06,1075,0,0,0,0,0,0,1,0,1,0,0,1,0,1,0,0,0,0,0,0,0,0,1,21.92,11.32,49.66,16.0,689
2014-07-06,4239,0,0,0,0,0,0,1,0,1,0,0,1,0,0,1,0,0,0,0,0,0,0,1,22.15,4.22,50.66,16.0,690
2014-07-06,6704,0,0,0,0,0,0,1,0,1,0,0,1,0,0,0,0,1,0,0,0,0,1,0,27.28,14.94,38.86,16.0,691
2014-07-06,11804,0,0,0,0,0,0,1,0,1,0,0,1,0,0,0,1,0,0,0,0,0,0,1,28.65,15.92,35.36,16.0,692
2014-07-07,636,1,0,0,0,0,0,0,0,1,0,0,1,0,1,0,0,0,0,0,0,1,0,0,23.0,14.63,64.71,16.0,693
2014-07-07,9401,1,0,0,0,0,0,0,0,1,0,0,1,0,0,1,0,0,0,0,0,0,1,0,25.57,9.43,60.08,15.0,694
2014-07-07,10843,1,0,0,0,0,0,0,0,1,0,0,1,0,0,0,1,0,0,0,0,0,0,1,31.1,15.93,44.47,14.88,695
2014-07-07,10983,1,0,0,0,0,0,0,0,1,0,0,1,0,0,0,0,1,0,0,0,0,0,1,30.13,16.42,44.38,15.25,696
2014-07-08,600,0,1,0,0,0,0,0,0,1,0,0,1,0,1,0,0,0,1,0,0,0,0,0,23.73,10.17,75.76,13.1,697
2014-07-08,10473,0,1,0,0,0,0,0,0,1,0,0,1,0,0,1,0,0,0,0,0,0,1,0,26.23,9.85,69.44,12.68,698
2014-07-08,10667,0,1,0,0,0,0,0,0,1,0,0,1,0,0,0,1,0,0,0,0,0,1,0,31.68,13.8,47.53,14.15,699
2014-07-08,10973,0,1,0,0,0,0,0,0,1,0,0,1,0,0,0,0,1,0,0,0,0,1,0,28.44,16.48,59.77,14.36,700
2014-07-09,722,0,0,1,0,0,0,0,0,1,0,0,1,0,1,0,0,0,0,0,0,0,0,1,23.14,14.98,73.44,16.0,701
2014-07-09,11111,0,0,1,0,0,0,0,0,1,0,0,1,0,0,0,1,0,0,0,0,0,1,0,28.98,13.23,49.63,15.75,702
2014-07-09,11229,0,0,1,0,0,0,0,0,1,0,0,1,0,0,1,0,0,0,0,0,0,1,0,24.5,8.85,65.11,16.0,703
2014-07-09,11364,0,0,1,0,0,0,0,0,1,0,0,1,0,0,0,0,1,0,0,0,0,1,0,26.26,8.44,65.1,15.4,704
2014-07-10,888,0,0,0,1,0,0,0,0,1,0,0,1,0,1,0,0,0,0,0,0,0,1,0,23.37,2.28,65.84,16.0,705
2014-07-10,11135,0,0,0,1,0,0,0,0,1,0,0,1,0,0,1,0,0,0,0,0,0,1,0,22.48,9.75,69.81,16.0,706
2014-07-10,11780,0,0,0,1,0,0,0,0,1,0,0,1,0,0,0,0,1,0,0,0,1,0,0,23.65,2.25,65.16,16.0,707
2014-07-10,12485,0,0,0,1,0,0,0,0,1,0,0,1,0,0,0,1,0,0,0,0,0,0,1,27.2,8.37,50.15,16.0,708
2014-07-11,1070,0,0,0,0,1,0,0,0,1,0,0,1,0,1,0,0,0,0,0,0,0,1,0,22.9,5.33,68.11,16.0,709
2014-07-11,9535,0,0,0,0,1,0,0,0,1,0,0,1,0,0,0,0,1,0,0,0,0,0,1,22.73,3.13,68.72,16.0,710
2014-07-11,10794,0,0,0,0,1,0,0,0,1,0,0,1,0,0,1,0,0,0,0,0,0,1,0,23.4,10.73,50.15,16.0,711
2014-07-11,13601,0,0,0,0,1,0,0,0,1,0,0,1,0,0,0,1,0,0,0,0,0,0,1,28.23,10.7,37.62,16.0,712
2014-07-12,1307,0,0,0,0,0,1,0,0,1,0,0,1,0,1,0,0,0,0,0,0,0,0,1,22.0,3.67,70.84,16.0,713
2014-07-12,6067,0,0,0,0,0,1,0,0,1,0,0,1,0,0,1,0,0,0,0,0,0,0,1,24.18,4.82,62.23,14.78,714
2014-07-12,8293,0,0,0,0,0,1,0,0,1,0,0,1,0,0,0,0,1,0,0,0,0,0,1,24.9,12.6,55.04,16.0,715
2014-07-12,13051,0,0,0,0,0,1,0,0,1,0,0,1,0,0,0,1,0,0,0,0,0,1,0,28.6,10.33,46.79,16.0,716
2014-07-13,1527,0,0,0,0,0,0,1,0,1,0,0,1,0,1,0,0,0,0,0,0,0,1,0,22.9,9.32,66.63,16.0,717
2014-07-13,4408,0,0,0,0,0,0,1,0,1,0,0,1,0,0,1,0,0,0,0,0,0,1,0,22.37,8.2,77.92,15.5,718
2014-07-13,7637,0,0,0,0,0,0,1,0,1,0,0,1,0,0,0,0,1,0,0,0,0,1,0,25.7,11.37,74.87,14.15,719
2014-07-13,11297,0,0,0,0,0,0,1,0,1,0,0,1,0,0,0,1,0,0,0,0,0,1,0,26.78,13.9,67.97,14.5,720
2014-07-14,360,1,0,0,0,0,0,0,0,1,0,0,1,0,1,0,0,0,0,0,0,0,1,0,22.92,14.88,88.89,16.0,721
2014-07-14,5161,1,0,0,0,0,0,0,0,1,0,0,1,0,0,0,0,1,1,0,0,0,0,0,23.88,8.86,89.87,6.88,722
2014-07-14,9330,1,0,0,0,0,0,0,0,1,0,0,1,0,0,1,0,0,0,0,0,0,1,0,22.37,10.47,93.2,16.0,723
2014-07-14,10974,1,0,0,0,0,0,0,0,1,0,0,1,0,0,0,1,0,0,0,0,1,0,0,26.75,3.48,73.8,12.13,724
2014-07-15,531,0,1,0,0,0,0,0,0,1,0,0,1,0,1,0,0,0,0,0,0,1,0,0,22.92,8.45,92.64,10.13,725
2014-07-15,3779,0,1,0,0,0,0,0,0,1,0,0,1,0,0,0,0,1,1,0,0,0,0,0,22.78,6.75,92.61,6.17,726
2014-07-15,8034,0,1,0,0,0,0,0,0,1,0,0,1,0,0,0,1,0,1,0,0,0,0,0,23.37,6.47,92.36,6.17,727
2014-07-15,10619,0,1,0,0,0,0,0,0,1,0,0,1,0,0,1,0,0,0,0,0,0,1,0,25.25,5.58,82.85,11.57,728
2014-07-16,683,0,0,1,0,0,0,0,0,1,0,0,1,0,1,0,0,0,0,0,0,1,0,0,22.0,4.97,93.6,7.55,729
2014-07-16,9907,0,0,1,0,0,0,0,0,1,0,0,1,0,0,1,0,0,0,0,0,1,0,0,21.38,10.37,82.79,13.42,730
2014-07-16,12118,0,0,1,0,0,0,0,0,1,0,0,1,0,0,0,1,0,0,0,0,0,1,0,24.92,4.72,53.05,16.0,731
2014-07-16,12683,0,0,1,0,0,0,0,0,1,0,0,1,0,0,0,0,1,0,0,0,0,1,0,25.05,7.92,46.74,16.0,732
2014-07-17,1001,0,0,0,1,0,0,0,0,1,0,0,1,0,1,0,0,0,0,0,0,0,1,0,21.87,6.75,57.31,16.0,733
2014-07-17,11867,0,0,0,1,0,0,0,0,1,0,0,1,0,0,1,0,0,0,0,0,0,1,0,21.72,7.5,55.73,16.0,734
2014-07-17,12781,0,0,0,1,0,0,0,0,1,0,0,1,0,0,0,0,1,0,0,0,0,0,1,24.08,10.48,43.88,16.0,735
2014-07-17,12970,0,0,0,1,0,0,0,0,1,0,0,1,0,0,0,1,0,0,0,0,0,1,0,25.45,5.05,47.17,16.0,736
2014-07-18,1133,0,0,0,0,1,0,0,0,1,0,0,1,0,1,0,0,0,0,0,0,0,0,1,20.48,5.4,63.1,16.0,737
2014-07-18,9624,0,0,0,0,1,0,0,0,1,0,0,1,0,0,0,0,1,0,0,0,0,1,0,24.2,10.85,42.54,16.0,738
2014-07-18,11212,0,0,0,0,1,0,0,0,1,0,0,1,0,0,1,0,0,0,0,0,0,0,1,21.94,10.0,51.43,16.0,739
2014-07-18,14136,0,0,0,0,1,0,0,0,1,0,0,1,0,0,0,1,0,0,0,0,0,1,0,26.38,7.36,37.53,16.0,740
2014-07-19,1416,0,0,0,0,0,1,0,0,1,0,0,1,0,1,0,0,0,0,0,0,1,0,0,21.17,5.67,52.46,16.0,741
2014-07-19,5855,0,0,0,0,0,1,0,0,1,0,0,1,0,0,1,0,0,0,0,0,1,0,0,20.65,10.3,60.19,16.0,742
2014-07-19,8147,0,0,0,0,0,1,0,0,1,0,0,1,0,0,0,0,1,0,0,0,0,1,0,22.57,12.4,55.98,16.0,743
2014-07-19,13873,0,0,0,0,0,1,0,0,1,0,0,1,0,0,0,1,0,0,0,0,0,1,0,23.68,14.18,57.33,16.0,744
2014-07-20,1563,0,0,0,0,0,0,1,0,1,0,0,1,0,1,0,0,0,0,0,0,0,1,0,20.5,12.1,71.63,16.0,745
2014-07-20,4855,0,0,0,0,0,0,1,0,1,0,0,1,0,0,1,0,0,0,0,0,0,1,0,20.58,18.52,69.63,16.0,746
2014-07-20,8831,0,0,0,0,0,0,1,0,1,0,0,1,0,0,0,0,1,0,0,0,0,0,1,22.53,6.65,57.21,16.0,747
2014-07-20,15047,0,0,0,0,0,0,1,0,1,0,0,1,0,0,0,1,0,0,0,0,0,1,0,24.7,15.77,61.07,16.0,748
2014-07-21,803,1,0,0,0,0,0,0,0,1,0,0,1,0,1,0,0,0,0,0,0,0,0,1,20.32,2.32,77.84,15.75,749
2014-07-21,10558,1,0,0,0,0,0,0,0,1,0,0,1,0,0,1,0,0,0,0,0,0,1,0,20.37,1.97,75.49,16.0,750
2014-07-21,12063,1,0,0,0,0,0,0,0,1,0,0,1,0,0,0,0,1,0,0,0,0,0,1,23.35,4.95,66.19,16.0,751
2014-07-21,12246,1,0,0,0,0,0,0,0,1,0,0,1,0,0,0,1,0,0,0,0,0,0,1,27.66,6.08,47.75,15.7,752
2014-07-22,763,0,1,0,0,0,0,0,0,1,0,0,1,0,1,0,0,0,0,0,0,0,0,1,22.42,6.4,66.36,16.0,753
2014-07-22,11689,0,1,0,0,0,0,0,0,1,0,0,1,0,0,1,0,0,0,0,0,0,0,1,24.25,3.48,65.01,15.25,754
2014-07-22,12192,0,1,0,0,0,0,0,0,1,0,0,1,0,0,0,1,0,0,0,0,0,1,0,28.77,13.63,54.93,16.0,755
2014-07-22,12242,0,1,0,0,0,0,0,0,1,0,0,1,0,0,0,0,1,0,0,0,0,0,1,26.18,10.85,62.82,16.0,756
2014-07-23,892,0,0,1,0,0,0,0,0,1,0,0,1,0,1,0,0,0,0,0,0,0,0,1,24.14,11.24,63.97,16.0,757
2014-07-23,9744,0,0,1,0,0,0,0,0,1,0,0,1,0,0,0,0,1,1,0,0,0,0,0,24.6,9.6,83.17,9.13,758
2014-07-23,11604,0,0,1,0,0,0,0,0,1,0,0,1,0,0,1,0,0,0,0,0,0,0,1,26.07,10.53,66.34,16.0,759
2014-07-23,11933,0,0,1,0,0,0,0,0,1,0,0,1,0,0,0,1,0,0,0,0,0,1,0,29.8,14.88,62.83,15.4,760
2014-07-24,713,0,0,0,1,0,0,0,0,1,0,0,1,0,1,0,0,0,0,0,0,0,1,0,23.4,7.7,79.87,16.0,761
2014-07-24,11071,0,0,0,1,0,0,0,0,1,0,0,1,0,0,1,0,0,0,0,0,1,0,0,23.13,8.75,69.69,16.0,762
2014-07-24,12126,0,0,0,1,0,0,0,0,1,0,0,1,0,0,0,0,1,0,0,0,0,1,0,24.52,10.23,49.73,16.0,763
2014-07-24,12783,0,0,0,1,0,0,0,0,1,0,0,1,0,0,0,1,0,0,0,0,0,1,0,25.1,11.9,53.69,16.0,764
2014-07-25,1166,0,0,0,0,1,0,0,0,1,0,0,1,0,1,0,0,0,0,0,0,0,1,0,21.2,7.77,55.56,16.0,765
2014-07-25,9379,0,0,0,0,1,0,0,0,1,0,0,1,0,0,0,0,1,0,0,0,0,1,0,25.45,14.83,47.26,16.0,766
2014-07-25,11222,0,0,0,0,1,0,0,0,1,0,0,1,0,0,1,0,0,0,0,0,0,0,1,21.38,10.88,54.72,16.0,767
2014-07-25,14617,0,0,0,0,1,0,0,0,1,0,0,1,0,0,0,1,0,0,0,0,0,1,0,26.9,11.2,37.72,16.0,768
2014-07-26,1431,0,0,0,0,0,1,0,0,1,0,0,1,0,1,0,0,0,0,0,0,0,1,0,21.72,8.78,67.71,16.0,769
2014-07-26,5594,0,0,0,0,0,1,0,0,1,0,0,1,0,0,1,0,0,0,0,0,0,1,0,22.5,7.94,56.35,16.0,770
2014-07-26,7547,0,0,0,0,0,1,0,0,1,0,0,1,0,0,0,0,1,0,0,0,0,1,0,24.27,9.23,68.29,16.0,771
2014-07-26,12607,0,0,0,0,0,1,0,0,1,0,0,1,0,0,0,1,0,0,0,0,0,1,0,25.48,9.85,58.0,16.0,772
2014-07-27,1569,0,0,0,0,0,0,1,0,1,0,0,1,0,1,0,0,0,0,0,0,0,1,0,22.62,7.72,80.52,15.25,773
2014-07-27,4461,0,0,0,0,0,0,1,0,1,0,0,1,0,0,1,0,0,0,0,0,1,0,0,23.88,9.28,80.95,14.15,774
2014-07-27,7881,0,0,0,0,0,0,1,0,1,0,0,1,0,0,0,0,1,0,0,0,0,1,0,28.48,7.58,56.23,16.0,775
2014-07-27,13093,0,0,0,0,0,0,1,0,1,0,0,1,0,0,0,1,0,0,0,0,0,1,0,27.84,11.12,62.32,14.22,776
2014-07-28,468,1,0,0,0,0,0,0,0,1,0,0,1,0,1,0,0,0,1,0,0,0,0,0,22.88,10.94,88.06,10.3,777
2014-07-28,9682,1,0,0,0,0,0,0,0,1,0,0,1,0,0,1,0,0,0,0,0,1,0,0,22.48,14.28,80.76,16.0,778
2014-07-28,11240,1,0,0,0,0,0,0,0,1,0,0,1,0,0,0,0,1,0,0,0,0,1,0,24.85,18.48,51.98,16.0,779
2014-07-28,11799,1,0,0,0,0,0,0,0,1,0,0,1,0,0,0,1,0,0,0,0,0,1,0,26.82,16.13,51.33,16.0,780
2014-07-29,772,0,1,0,0,0,0,0,0,1,0,0,1,0,1,0,0,0,0,0,0,0,0,1,18.68,16.6,65.87,16.0,781
2014-07-29,11590,0,1,0,0,0,0,0,0,1,0,0,1,0,0,1,0,0,0,0,0,0,0,1,19.2,9.5,61.61,16.0,782
2014-07-29,11759,0,1,0,0,0,0,0,0,1,0,0,1,0,0,0,0,1,0,0,0,0,1,0,22.13,8.3,45.13,16.0,783
2014-07-29,12971,0,1,0,0,0,0,0,0,1,0,0,1,0,0,0,1,0,0,0,0,0,1,0,23.2,11.26,43.77,16.0,784
2014-07-30,880,0,0,1,0,0,0,0,0,1,0,0,1,0,1,0,0,0,0,0,0,1,0,0,19.27,5.0,59.6,16.0,785
2014-07-30,11682,0,0,1,0,0,0,0,0,1,0,0,1,0,0,1,0,0,0,0,0,0,0,1,20.77,5.63,56.44,16.0,786
2014-07-30,11726,0,0,1,0,0,0,0,0,1,0,0,1,0,0,0,0,1,0,0,0,0,0,1,22.82,7.0,53.61,16.0,787
2014-07-30,13089,0,0,1,0,0,0,0,0,1,0,0,1,0,0,0,1,0,0,0,0,0,1,0,25.9,6.93,35.78,16.0,788
2014-07-31,896,0,0,0,1,0,0,0,0,1,0,0,1,0,1,0,0,0,0,0,0,0,0,1,21.27,4.13,58.32,16.0,789
2014-07-31,10760,0,0,0,1,0,0,0,0,1,0,0,1,0,0,0,0,1,0,0,0,0,1,0,24.6,8.63,64.98,14.5,790
2014-07-31,11226,0,0,0,1,0,0,0,0,1,0,0,1,0,0,1,0,0,0,0,0,0,1,0,22.53,14.0,55.92,16.0,791
2014-07-31,12576,0,0,0,1,0,0,0,0,1,0,0,1,0,0,0,1,0,0,0,0,0,1,0,26.24,15.34,52.45,15.1,792
2014-08-01,1020,0,0,0,0,1,0,0,0,1,0,0,1,0,1,0,0,0,0,0,0,0,1,0,22.63,8.75,76.05,14.15,793
2014-08-01,8292,0,0,0,0,1,0,0,0,1,0,0,1,0,0,0,0,1,0,0,0,0,1,0,23.78,8.76,67.74,15.12,794
2014-08-01,10448,0,0,0,0,1,0,0,0,1,0,0,1,0,0,1,0,0,0,0,0,0,1,0,24.05,4.87,71.45,12.32,795
2014-08-01,12894,0,0,0,0,1,0,0,0,1,0,0,1,0,0,0,1,0,0,0,0,0,1,0,27.35,10.92,59.88,12.5,796
2014-08-02,1175,0,0,0,0,0,1,0,0,1,0,0,1,0,1,0,0,0,0,0,0,0,1,0,22.73,3.97,70.4,16.0,797
2014-08-02,4378,0,0,0,0,0,1,0,0,1,0,0,1,0,0,1,0,0,1,0,0,0,0,0,18.52,9.7,89.22,6.27,798
2014-08-02,7258,0,0,0,0,0,1,0,0,1,0,0,1,0,0,0,0,1,0,0,0,0,1,0,21.0,12.9,73.96,15.1,799
2014-08-02,13973,0,0,0,0,0,1,0,0,1,0,0,1,0,0,0,1,0,0,0,0,1,0,0,22.08,19.62,68.68,15.1,800
2014-08-03,1247,0,0,0,0,0,0,1,0,1,0,0,1,0,1,0,0,0,1,0,0,0,0,0,19.0,0.0,88.25,11.7,801
2014-08-03,3773,0,0,0,0,0,0,1,0,1,0,0,1,0,0,1,0,0,1,0,0,0,0,0,19.05,5.05,91.36,7.1,802
2014-08-03,7372,0,0,0,0,0,0,1,0,1,0,0,1,0,0,0,0,1,0,0,0,0,1,0,22.17,6.8,75.65,15.27,803
2014-08-03,12884,0,0,0,0,0,0,1,0,1,0,0,1,0,0,0,1,0,0,0,0,1,0,0,23.44,7.48,65.22,14.06,804
2014-08-04,712,1,0,0,0,0,0,0,0,1,0,0,1,0,1,0,0,0,0,0,0,1,0,0,21.82,5.5,79.4,16.0,805
2014-08-04,10142,1,0,0,0,0,0,0,0,1,0,0,1,0,0,1,0,0,0,0,0,0,1,0,23.57,3.13,74.28,13.3,806
2014-08-04,10952,1,0,0,0,0,0,0,0,1,0,0,1,0,0,0,0,1,0,0,0,0,0,1,25.98,7.7,63.15,16.0,807
2014-08-04,12016,1,0,0,0,0,0,0,0,1,0,0,1,0,0,0,1,0,0,0,0,0,1,0,27.58,8.62,53.91,16.0,808
2014-08-05,766,0,1,0,0,0,0,0,0,1,0,0,1,0,1,0,0,0,0,0,0,0,0,1,23.47,0.0,68.15,16.0,809
2014-08-05,10492,0,1,0,0,0,0,0,0,1,0,0,1,0,0,1,0,0,0,0,0,0,0,1,24.32,3.23,65.28,16.0,810
2014-08-05,11183,0,1,0,0,0,0,0,0,1,0,0,1,0,0,0,0,1,0,0,0,0,0,1,26.65,12.05,55.5,16.0,811
2014-08-05,11951,0,1,0,0,0,0,0,0,1,0,0,1,0,0,0,1,0,0,0,0,0,0,1,30.38,5.6,38.18,16.0,812
2014-08-06,846,0,0,1,0,0,0,0,0,1,0,0,1,0,1,0,0,0,0,0,0,0,1,0,22.82,7.0,70.01,16.0,813
2014-08-06,11205,0,0,1,0,0,0,0,0,1,0,0,1,0,0,1,0,0,0,0,0,0,1,0,22.65,6.28,68.17,15.0,814
2014-08-06,12114,0,0,1,0,0,0,0,0,1,0,0,1,0,0,0,1,0,0,0,0,0,1,0,26.84,9.46,46.58,16.0,815
2014-08-06,12171,0,0,1,0,0,0,0,0,1,0,0,1,0,0,0,0,1,0,0,0,0,0,1,24.07,6.6,52.94,16.0,816
2014-08-07,883,0,0,0,1,0,0,0,0,1,0,0,1,0,1,0,0,0,0,0,0,0,0,1,21.45,7.35,57.22,16.0,817
2014-08-07,11056,0,0,0,1,0,0,0,0,1,0,0,1,0,0,1,0,0,0,0,0,0,0,1,21.08,7.4,55.55,16.0,818
2014-08-07,11633,0,0,0,1,0,0,0,0,1,0,0,1,0,0,0,0,1,0,0,0,0,0,1,23.1,7.17,40.29,16.0,819
2014-08-07,12790,0,0,0,1,0,0,0,0,1,0,0,1,0,0,0,1,0,0,0,0,0,1,0,27.42,13.3,35.24,16.0,820
2014-08-08,1081,0,0,0,0,1,0,0,0,1,0,0,1,0,1,0,0,0,0,0,0,0,0,1,19.98,6.28,55.54,16.0,821
2014-08-08,8775,0,0,0,0,1,0,0,0,1,0,0,1,0,0,0,0,1,0,0,0,0,0,1,25.2,5.95,43.04,16.0,822
2014-08-08,10293,0,0,0,0,1,0,0,0,1,0,0,1,0,0,1,0,0,0,0,0,0,0,1,20.48,9.62,58.53,16.0,823
2014-08-08,13924,0,0,0,0,1,0,0,0,1,0,0,1,0,0,0,1,0,0,0,0,0,0,1,26.75,8.75,36.26,16.0,824
2014-08-09,1373,0,0,0,0,0,1,0,0,1,0,0,1,0,1,0,0,0,0,0,0,0,0,1,21.42,2.63,59.65,16.0,825
2014-08-09,7495,0,0,0,0,0,1,0,0,1,0,0,1,0,0,0,0,1,0,0,0,0,0,1,26.0,4.17,39.64,16.0,826
2014-08-09,8014,0,0,0,0,0,1,0,0,1,0,0,1,0,0,1,0,0,0,0,0,0,0,1,22.45,5.27,57.06,16.0,827
2014-08-09,14754,0,0,0,0,0,1,0,0,1,0,0,1,0,0,0,1,0,0,0,0,0,0,1,28.63,7.87,31.2,15.87,828
2014-08-10,1348,0,0,0,0,0,0,1,0,1,0,0,1,0,1,0,0,0,0,0,0,0,0,1,22.6,4.78,58.14,16.0,829
2014-08-10,4968,0,0,0,0,0,0,1,0,1,0,0,1,0,0,1,0,0,0,0,0,0,0,1,23.57,5.47,59.22,16.0,830
2014-08-10,7570,0,0,0,0,0,0,1,0,1,0,0,1,0,0,0,0,1,0,0,0,0,0,1,25.88,5.94,42.39,16.0,831
2014-08-10,12863,0,0,0,0,0,0,1,0,1,0,0,1,0,0,0,1,0,0,0,0,0,1,0,29.36,7.68,35.98,16.0,832
2014-08-11,727,1,0,0,0,0,0,0,0,1,0,0,1,0,1,0,0,0,0,0,0,0,0,1,23.57,4.53,54.71,16.0,833
2014-08-11,10011,1,0,0,0,0,0,0,0,1,0,0,1,0,0,1,0,0,0,0,0,0,0,1,24.08,0.56,53.5,16.0,834
2014-08-11,11193,1,0,0,0,0,0,0,0,1,0,0,1,0,0,0,0,1,0,0,0,0,1,0,24.28,12.2,60.87,16.0,835
2014-08-11,11733,1,0,0,0,0,0,0,0,1,0,0,1,0,0,0,1,0,0,0,0,0,1,0,28.22,15.76,37.74,16.0,836
2014-08-12,758,0,1,0,0,0,0,0,0,1,0,0,1,0,1,0,0,0,0,0,0,0,1,0,22.94,8.94,71.65,16.0,837
2014-08-12,5881,0,1,0,0,0,0,0,0,1,0,0,1,0,0,0,0,1,0,0,0,1,0,0,23.05,19.38,78.35,16.0,838
2014-08-12,8824,0,1,0,0,0,0,0,0,1,0,0,1,0,0,0,1,0,0,0,0,1,0,0,25.23,14.7,69.74,15.45,839
2014-08-12,10798,0,1,0,0,0,0,0,0,1,0,0,1,0,0,1,0,0,0,0,0,0,1,0,23.03,10.27,72.11,16.0,840
2014-08-13,288,0,0,1,0,0,0,0,0,1,0,0,1,0,1,0,0,0,1,0,0,0,0,0,21.07,27.82,89.76,9.88,841
2014-08-13,5936,0,0,1,0,0,0,0,0,1,0,0,1,0,0,1,0,0,1,0,0,0,0,0,21.02,15.4,89.62,8.72,842
2014-08-13,10801,0,0,1,0,0,0,0,0,1,0,0,1,0,0,0,0,1,0,0,0,0,1,0,24.38,14.65,63.43,16.0,843
2014-08-13,10952,0,0,1,0,0,0,0,0,1,0,0,1,0,0,0,1,0,0,0,0,1,0,0,22.87,6.43,80.63,16.0,844
2014-08-14,806,0,0,0,1,0,0,0,0,1,0,0,1,0,1,0,0,0,0,0,0,0,0,1,19.96,10.42,61.93,16.0,845
2014-08-14,10828,0,0,0,1,0,0,0,0,1,0,0,1,0,0,1,0,0,0,0,0,0,0,1,18.45,11.98,58.37,16.0,846
2014-08-14,10974,0,0,0,1,0,0,0,0,1,0,0,1,0,0,0,0,1,0,0,0,0,0,1,24.27,11.9,39.09,16.0,847
2014-08-14,12546,0,0,0,1,0,0,0,0,1,0,0,1,0,0,0,1,0,0,0,0,0,1,0,24.5,15.0,38.72,16.0,848
2014-08-15,982,0,0,0,0,1,0,0,0,1,0,0,1,0,1,0,0,0,0,0,0,0,0,1,18.83,6.58,56.3,16.0,849
2014-08-15,8022,0,0,0,0,1,0,0,0,1,0,0,1,0,0,0,0,1,0,0,0,1,0,0,20.85,9.22,47.47,16.0,850
2014-08-15,10145,0,0,0,0,1,0,0,0,1,0,0,1,0,0,1,0,0,0,0,0,0,1,0,18.2,11.83,54.28,16.0,851
2014-08-15,13331,0,0,0,0,1,0,0,0,1,0,0,1,0,0,0,1,0,0,0,0,1,0,0,21.27,14.37,46.12,16.0,852
2014-08-16,1334,0,0,0,0,0,1,0,0,1,0,0,1,0,1,0,0,0,0,0,0,0,0,1,18.84,7.18,55.85,16.0,853
2014-08-16,7548,0,0,0,0,0,1,0,0,1,0,0,1,0,0,0,0,1,0,0,0,0,1,0,23.6,10.13,46.23,16.0,854
2014-08-16,8114,0,0,0,0,0,1,0,0,1,0,0,1,0,0,1,0,0,0,0,0,0,1,0,20.35,5.72,54.77,16.0,855
2014-08-16,15021,0,0,0,0,0,1,0,0,1,0,0,1,0,0,0,1,0,0,0,0,0,1,0,24.63,13.75,40.57,16.0,856
2014-08-17,1250,0,0,0,0,0,0,1,0,1,0,0,1,0,1,0,0,0,0,0,0,0,1,0,22.37,5.6,46.49,16.0,857
2014-08-17,4471,0,0,0,0,0,0,1,0,1,0,0,1,0,0,1,0,0,0,0,0,0,0,1,22.1,8.45,61.64,16.0,858
2014-08-17,8033,0,0,0,0,0,0,1,0,1,0,0,1,0,0,0,0,1,0,0,0,0,0,1,23.23,7.6,47.01,16.0,859
2014-08-17,13663,0,0,0,0,0,0,1,0,1,0,0,1,0,0,0,1,0,0,0,0,1,0,0,25.57,9.4,51.6,16.0,860
2014-08-18,775,1,0,0,0,0,0,0,0,1,0,0,1,0,1,0,0,0,0,0,0,0,0,1,19.62,9.62,59.17,16.0,861
2014-08-18,9703,1,0,0,0,0,0,0,0,1,0,0,1,0,0,1,0,0,0,0,0,0,0,1,19.4,10.67,61.88,16.0,862
2014-08-18,11505,1,0,0,0,0,0,0,0,1,0,0,1,0,0,0,0,1,0,0,0,0,0,1,23.07,5.73,46.82,16.0,863
2014-08-18,12356,1,0,0,0,0,0,0,0,1,0,0,1,0,0,0,1,0,0,0,0,0,1,0,25.55,11.52,42.56,16.0,864
2014-08-19,774,0,1,0,0,0,0,0,0,1,0,0,1,0,1,0,0,0,0,0,0,0,0,1,20.02,7.95,62.44,16.0,865
2014-08-19,11209,0,1,0,0,0,0,0,0,1,0,0,1,0,0,0,0,1,0,0,0,0,0,1,23.34,12.22,68.01,16.0,866
2014-08-19,11316,0,1,0,0,0,0,0,0,1,0,0,1,0,0,1,0,0,0,0,0,0,0,1,20.12,10.38,64.71,15.75,867
2014-08-19,12068,0,1,0,0,0,0,0,0,1,0,0,1,0,0,0,1,0,0,0,0,0,1,0,26.07,4.83,54.56,16.0,868
2014-08-20,824,0,0,1,0,0,0,0,0,1,0,0,1,0,1,0,0,0,0,0,0,0,1,0,21.46,2.98,77.18,16.0,869
2014-08-20,10870,0,0,1,0,0,0,0,0,1,0,0,1,0,0,1,0,0,0,0,0,0,1,0,24.37,4.3,60.24,15.5,870
2014-08-20,11144,0,0,1,0,0,0,0,0,1,0,0,1,0,0,0,0,1,0,0,0,0,0,1,23.9,11.72,52.21,16.0,871
2014-08-20,12694,0,0,1,0,0,0,0,0,1,0,0,1,0,0,0,1,0,0,0,0,0,0,1,27.63,12.08,42.39,16.0,872
2014-08-21,808,0,0,0,1,0,0,0,0,1,0,0,1,0,1,0,0,0,0,0,0,1,0,0,22.23,5.17,68.11,16.0,873
2014-08-21,10258,0,0,0,1,0,0,0,0,1,0,0,1,0,0,0,0,1,0,0,0,0,1,0,23.17,15.5,59.9,16.0,874
2014-08-21,10613,0,0,0,1,0,0,0,0,1,0,0,1,0,0,1,0,0,0,0,0,0,1,0,23.15,4.7,68.14,16.0,875
2014-08-21,12125,0,0,0,1,0,0,0,0,1,0,0,1,0,0,0,1,0,0,0,0,0,1,0,26.3,13.32,51.96,16.0,876
2014-08-22,444,0,0,0,0,1,0,0,0,1,0,0,1,0,1,0,0,0,1,0,0,0,0,0,19.82,5.18,89.16,10.0,877
2014-08-22,7982,0,0,0,0,1,0,0,0,1,0,0,1,0,0,0,0,1,0,0,0,1,0,0,21.52,8.06,66.88,16.0,878
2014-08-22,9631,0,0,0,0,1,0,0,0,1,0,0,1,0,0,1,0,0,0,0,0,0,1,0,20.34,10.16,84.78,14.38,879
2014-08-22,12349,0,0,0,0,1,0,0,0,1,0,0,1,0,0,0,1,0,0,0,0,1,0,0,23.6,13.33,63.91,16.0,880
2014-08-23,1242,0,0,0,0,0,1,0,0,1,0,0,1,0,1,0,0,0,0,0,0,0,1,0,20.2,10.53,69.94,16.0,881
2014-08-23,5435,0,0,0,0,0,1,0,0,1,0,0,1,0,0,1,0,0,0,0,0,1,0,0,20.88,14.0,70.7,16.0,882
2014-08-23,6661,0,0,0,0,0,1,0,0,1,0,0,1,0,0,0,0,1,0,0,0,1,0,0,21.0,1.35,71.72,16.0,883
2014-08-23,13091,0,0,0,0,0,1,0,0,1,0,0,1,0,0,0,1,0,0,0,0,0,1,0,23.07,10.35,55.88,16.0,884
2014-08-24,1341,0,0,0,0,0,0,1,0,1,0,0,1,0,1,0,0,0,0,0,0,0,0,1,19.0,5.63,75.51,16.0,885
2014-08-24,4907,0,0,0,0,0,0,1,0,1,0,0,1,0,0,1,0,0,0,0,0,0,0,1,20.45,8.23,66.92,16.0,886
2014-08-24,7238,0,0,0,0,0,0,1,0,1,0,0,1,0,0,0,0,1,0,0,0,0,0,1,21.45,4.72,64.84,16.0,887
2014-08-24,14007,0,0,0,0,0,0,1,0,1,0,0,1,0,0,0,1,0,0,0,0,0,1,0,25.25,11.6,50.28,16.0,888
2014-08-25,727,1,0,0,0,0,0,0,0,1,0,0,1,0,1,0,0,0,0,0,0,0,0,1,19.47,2.65,76.24,16.0,889
2014-08-25,9696,1,0,0,0,0,0,0,0,1,0,0,1,0,0,1,0,0,0,0,0,0,0,1,21.47,4.02,68.95,16.0,890
2014-08-25,10593,1,0,0,0,0,0,0,0,1,0,0,1,0,0,0,0,1,0,0,0,0,0,1,27.66,3.62,41.25,16.0,891
2014-08-25,11876,1,0,0,0,0,0,0,0,1,0,0,1,0,0,0,1,0,0,0,0,0,0,1,29.48,9.95,37.02,16.0,892
2014-08-26,803,0,1,0,0,0,0,0,0,1,0,0,1,0,1,0,0,0,0,0,0,0,0,1,22.94,1.76,68.34,15.7,893
2014-08-26,10735,0,1,0,0,0,0,0,0,1,0,0,1,0,0,1,0,0,0,0,0,0,0,1,23.88,2.88,72.22,13.53,894
2014-08-26,11006,0,1,0,0,0,0,0,0,1,0,0,1,0,0,0,0,1,0,0,0,0,0,1,24.5,7.85,60.12,16.0,895
2014-08-26,11975,0,1,0,0,0,0,0,0,1,0,0,1,0,0,0,1,0,0,0,0,0,0,1,28.74,7.02,47.68,16.0,896
2014-08-27,822,0,0,1,0,0,0,0,0,1,0,0,1,0,1,0,0,0,0,0,0,0,0,1,22.12,8.42,62.47,16.0,897
2014-08-27,10294,0,0,1,0,0,0,0,0,1,0,0,1,0,0,0,0,1,0,0,0,0,0,1,29.07,6.93,52.19,15.5,898
2014-08-27,10780,0,0,1,0,0,0,0,0,1,0,0,1,0,0,1,0,0,0,0,0,0,0,1,24.25,3.85,63.33,15.75,899
2014-08-27,11825,0,0,1,0,0,0,0,0,1,0,0,1,0,0,0,1,0,0,0,0,0,0,1,31.02,7.52,42.36,16.0,900
2014-08-28,913,0,0,0,1,0,0,0,0,1,0,0,1,0,1,0,0,0,0,0,0,0,1,0,24.55,10.58,65.78,16.0,901
2014-08-28,10121,0,0,0,1,0,0,0,0,1,0,0,1,0,0,0,0,1,0,0,0,0,0,1,22.7,15.43,40.34,16.0,902
2014-08-28,10461,0,0,0,1,0,0,0,0,1,0,0,1,0,0,1,0,0,0,0,0,0,0,1,21.72,10.87,55.78,16.0,903
2014-08-28,12432,0,0,0,1,0,0,0,0,1,0,0,1,0,0,0,1,0,0,0,0,0,1,0,26.65,16.55,35.6,16.0,904
2014-08-29,938,0,0,0,0,1,0,0,0,1,0,0,1,0,1,0,0,0,0,0,0,0,0,1,18.4,6.16,54.36,16.0,905
2014-08-29,7043,0,0,0,0,1,0,0,0,1,0,0,1,0,0,0,0,1,0,0,0,0,1,0,21.4,11.03,53.48,16.0,906
2014-08-29,9358,0,0,0,0,1,0,0,0,1,0,0,1,0,0,1,0,0,0,0,0,0,0,1,19.97,9.03,52.72,16.0,907
2014-08-29,13925,0,0,0,0,1,0,0,0,1,0,0,1,0,0,0,1,0,0,0,0,0,0,1,25.17,7.45,37.68,16.0,908
2014-08-30,1032,0,0,0,0,0,1,0,0,1,0,0,1,0,1,0,0,0,0,0,0,0,0,1,19.37,4.93,62.36,16.0,909
2014-08-30,4934,0,0,0,0,0,1,0,0,1,0,0,1,0,0,1,0,0,0,0,0,0,1,0,21.8,3.68,57.35,16.0,910
2014-08-30,5658,0,0,0,0,0,1,0,0,1,0,0,1,0,0,0,0,1,0,0,0,1,0,0,23.3,10.74,69.6,16.0,911
2014-08-30,11065,0,0,0,0,0,1,0,0,1,0,0,1,0,0,0,1,0,0,0,0,1,0,0,24.0,10.75,60.98,16.0,912
2014-08-31,1093,0,0,0,0,0,0,1,0,1,0,0,1,0,1,0,0,0,0,0,0,1,0,0,23.16,6.34,71.36,16.0,913
2014-08-31,4061,0,0,0,0,0,0,1,0,1,0,0,1,0,0,1,0,0,0,0,0,1,0,0,23.8,8.8,75.68,14.52,914
2014-08-31,4319,0,0,0,0,0,0,1,0,1,0,0,1,0,0,0,0,1,0,0,0,0,1,0,24.6,4.85,87.43,12.15,915
2014-08-31,8580,0,0,0,0,0,0,1,0,1,0,0,1,0,0,0,1,0,0,0,0,0,1,0,30.32,12.72,58.41,14.52,916
2014-09-01,811,1,0,0,0,0,0,0,1,1,0,0,0,1,1,0,0,0,0,0,0,1,0,0,24.3,8.28,85.08,15.4,917
2014-09-01,4478,1,0,0,0,0,0,0,1,1,0,0,0,1,0,1,0,0,0,0,0,0,1,0,25.18,2.86,80.69,14.52,918
2014-09-01,6303,1,0,0,0,0,0,0,1,1,0,0,0,1,0,0,0,1,0,0,0,0,1,0,27.32,7.15,72.64,15.25,919
2014-09-01,11983,1,0,0,0,0,0,0,1,1,0,0,0,1,0,0,1,0,0,0,0,0,1,0,29.88,6.9,58.5,16.0,920
2014-09-02,656,0,1,0,0,0,0,0,0,1,0,0,0,1,1,0,0,0,0,0,0,0,0,1,26.37,7.43,78.21,16.0,921
2014-09-02,9168,0,1,0,0,0,0,0,0,1,0,0,0,1,0,1,0,0,0,0,0,0,1,0,27.46,5.78,71.67,15.7,922
2014-09-02,9780,0,1,0,0,0,0,0,0,1,0,0,0,1,0,0,0,1,0,0,0,0,0,1,30.87,14.4,49.4,16.0,923
2014-09-02,10903,0,1,0,0,0,0,0,0,1,0,0,0,1,0,0,1,0,0,0,0,0,1,0,32.18,11.27,47.85,15.75,924
2014-09-03,712,0,0,1,0,0,0,0,0,1,0,0,0,1,1,0,0,0,0,0,0,0,0,1,24.88,14.08,63.85,16.0,925
2014-09-03,11036,0,0,1,0,0,0,0,0,1,0,0,0,1,0,0,0,1,0,0,0,0,0,1,26.02,6.13,46.72,16.0,926
2014-09-03,11332,0,0,1,0,0,0,0,0,1,0,0,0,1,0,1,0,0,0,0,0,0,1,0,23.52,11.18,60.6,16.0,927
2014-09-03,12455,0,0,1,0,0,0,0,0,1,0,0,0,1,0,0,1,0,0,0,0,0,1,0,28.35,6.55,37.13,16.0,928
2014-09-04,867,0,0,0,1,0,0,0,0,0,0,0,0,1,1,0,0,0,0,0,0,0,0,1,22.87,0.57,55.84,16.0,929
2014-09-04,11029,0,0,0,1,0,0,0,0,0,0,0,0,1,0,0,0,1,0,0,0,0,0,1,25.95,12.55,56.41,16.0,930
2014-09-04,11490,0,0,0,1,0,0,0,0,0,0,0,0,1,0,1,0,0,0,0,0,0,0,1,23.8,3.98,56.51,16.0,931
2014-09-04,13110,0,0,0,1,0,0,0,0,0,0,0,0,1,0,0,1,0,0,0,0,0,0,1,29.0,9.78,38.7,16.0,932
2014-09-05,1046,0,0,0,0,1,0,0,0,0,0,0,0,1,1,0,0,0,0,0,0,0,0,1,23.6,8.88,69.36,16.0,933
2014-09-05,9083,0,0,0,0,1,0,0,0,0,0,0,0,1,0,0,0,1,0,0,0,0,0,1,26.2,5.63,80.75,15.0,934
2014-09-05,11262,0,0,0,0,1,0,0,0,0,0,0,0,1,0,1,0,0,0,0,0,0,1,0,24.4,6.16,80.12,11.46,935
2014-09-05,13440,0,0,0,0,1,0,0,0,0,0,0,0,1,0,0,1,0,0,0,0,0,1,0,28.38,12.7,65.72,15.13,936
2014-09-06,1386,0,0,0,0,0,1,0,0,0,0,0,0,1,1,0,0,0,0,0,0,0,0,1,25.7,6.84,80.38,15.4,937
2014-09-06,5928,0,0,0,0,0,1,0,0,0,0,0,0,1,0,1,0,0,0,0,0,1,0,0,26.14,9.84,78.26,11.14,938
2014-09-06,6127,0,0,0,0,0,1,0,0,0,0,0,0,1,0,0,0,1,0,0,0,0,1,0,26.34,12.36,61.18,15.56,939
2014-09-06,12392,0,0,0,0,0,1,0,0,0,0,0,0,1,0,0,1,0,0,0,0,0,0,1,30.3,11.0,57.4,14.77,940
2014-09-07,1197,0,0,0,0,0,0,1,0,0,0,0,0,1,1,0,0,0,1,0,0,0,0,0,20.15,11.85,84.0,16.0,941
2014-09-07,5926,0,0,0,0,0,0,1,0,0,0,0,0,1,0,1,0,0,0,0,0,0,0,1,20.52,9.1,67.42,16.0,942
2014-09-07,7968,0,0,0,0,0,0,1,0,0,0,0,0,1,0,0,0,1,0,0,0,0,0,1,22.87,8.93,43.43,16.0,943
2014-09-07,14630,0,0,0,0,0,0,1,0,0,0,0,0,1,0,0,1,0,0,0,0,0,1,0,25.72,8.42,43.27,16.0,944
2014-09-08,691,1,0,0,0,0,0,0,0,0,0,0,0,1,1,0,0,0,0,0,0,0,1,0,20.27,9.8,50.02,16.0,945
2014-09-08,10333,1,0,0,0,0,0,0,0,0,0,0,0,1,0,0,0,1,0,0,0,0,1,0,21.52,14.1,52.76,16.0,946
2014-09-08,10740,1,0,0,0,0,0,0,0,0,0,0,0,1,0,1,0,0,0,0,0,0,1,0,20.53,16.6,66.17,16.0,947
2014-09-08,12571,1,0,0,0,0,0,0,0,0,0,0,0,1,0,0,1,0,0,0,0,0,1,0,22.92,15.62,53.46,16.0,948
2014-09-09,694,0,1,0,0,0,0,0,0,0,0,0,0,1,1,0,0,0,0,0,0,0,0,1,18.96,14.72,62.11,16.0,949
2014-09-09,10616,0,1,0,0,0,0,0,0,0,0,0,0,1,0,0,0,1,0,0,0,1,0,0,21.18,13.52,65.37,16.0,950
2014-09-09,11087,0,1,0,0,0,0,0,0,0,0,0,0,1,0,0,1,0,0,0,0,1,0,0,21.58,18.68,69.18,16.0,951
2014-09-09,12121,0,1,0,0,0,0,0,0,0,0,0,0,1,0,1,0,0,0,0,0,1,0,0,18.8,14.9,71.97,16.0,952
2014-09-10,807,0,0,1,0,0,0,0,0,0,0,0,0,1,1,0,0,0,0,0,0,1,0,0,19.0,15.28,71.66,16.0,953
2014-09-10,11335,0,0,1,0,0,0,0,0,0,0,0,0,1,0,0,0,1,0,0,0,0,1,0,21.38,9.18,71.3,16.0,954
2014-09-10,12184,0,0,1,0,0,0,0,0,0,0,0,0,1,0,1,0,0,0,0,0,0,1,0,18.2,12.6,74.37,16.0,955
2014-09-10,13327,0,0,1,0,0,0,0,0,0,0,0,0,1,0,0,1,0,0,0,0,0,1,0,23.85,10.32,53.4,16.0,956
2014-09-11,818,0,0,0,1,0,0,0,0,0,0,0,0,1,1,0,0,0,0,0,0,0,1,0,20.8,9.72,77.51,16.0,957
2014-09-11,11519,0,0,0,1,0,0,0,0,0,0,0,0,1,0,0,0,1,0,0,0,0,0,1,25.57,8.8,63.79,16.0,958
2014-09-11,11799,0,0,0,1,0,0,0,0,0,0,0,0,1,0,1,0,0,0,0,0,1,0,0,22.0,11.33,73.92,16.0,959
2014-09-11,12945,0,0,0,1,0,0,0,0,0,0,0,0,1,0,0,1,0,0,0,0,1,0,0,26.15,14.5,63.96,16.0,960
2014-09-12,993,0,0,0,0,1,0,0,0,0,0,0,0,1,1,0,0,0,0,0,0,0,0,1,20.6,11.63,59.1,16.0,961
2014-09-12,9647,0,0,0,0,1,0,0,0,0,0,0,0,1,0,0,0,1,0,0,0,0,0,1,19.1,11.47,52.23,16.0,962
2014-09-12,11793,0,0,0,0,1,0,0,0,0,0,0,0,1,0,1,0,0,0,0,0,1,0,0,17.38,8.18,63.5,16.0,963
2014-09-12,14771,0,0,0,0,1,0,0,0,0,0,0,0,1,0,0,1,0,0,0,0,0,0,1,23.06,9.44,44.48,16.0,964
2014-09-13,1266,0,0,0,0,0,1,0,0,0,0,0,0,1,1,0,0,0,0,0,0,0,1,0,16.6,13.43,61.79,16.0,965
2014-09-13,2733,0,0,0,0,0,1,0,0,0,0,0,0,1,0,0,0,1,1,0,0,0,0,0,17.05,8.6,93.24,7.85,966
2014-09-13,5773,0,0,0,0,0,1,0,0,0,0,0,0,1,0,1,0,0,0,0,0,1,0,0,17.5,15.93,68.04,16.0,967
2014-09-13,7521,0,0,0,0,0,1,0,0,0,0,0,0,1,0,0,1,0,1,0,0,0,0,0,18.4,6.3,80.57,9.07,968
2014-09-14,1086,0,0,0,0,0,0,1,0,0,0,0,0,1,1,0,0,0,0,0,0,0,0,1,14.3,11.05,71.69,16.0,969
2014-09-14,5467,0,0,0,0,0,0,1,0,0,0,0,0,1,0,1,0,0,0,0,0,0,0,1,13.16,11.42,70.95,16.0,970
2014-09-14,7134,0,0,0,0,0,0,1,0,0,0,0,0,1,0,0,0,1,0,0,0,0,1,0,18.02,4.74,49.22,16.0,971
2014-09-14,15001,0,0,0,0,0,0,1,0,0,0,0,0,1,0,0,1,0,0,0,0,0,1,0,19.73,4.82,42.45,16.0,972
2014-09-15,614,1,0,0,0,0,0,0,0,0,0,0,0,1,1,0,0,0,0,0,0,0,0,1,14.63,6.47,63.08,16.0,973
2014-09-15,10457,1,0,0,0,0,0,0,0,0,0,0,0,1,0,0,0,1,0,0,0,0,1,0,18.68,5.85,52.58,16.0,974
2014-09-15,10734,1,0,0,0,0,0,0,0,0,0,0,0,1,0,1,0,0,0,0,0,0,0,1,15.4,10.36,55.41,16.0,975
2014-09-15,13240,1,0,0,0,0,0,0,0,0,0,0,0,1,0,0,1,0,0,0,0,0,0,1,20.92,6.36,34.95,16.0,976